2026-01-15 08:18:04,701 - DEBUG - Inviting liuftuci to klefstad-teaching/cs141-w26-lab2c-yeqiw1...
2026-01-15 08:18:04,701 - DEBUG -   [Dry Run] PUT https://api.github.com/repos/klefstad-teaching/cs141-w26-lab2c-yeqiw1/collaborators/liuftuci with permission"pull"
2026-01-15 08:18:04,701 - DEBUG - Inviting liuftuci to klefstad-teaching/cs141-w26-lab2c-wdrobish...
2026-01-15 08:18:04,701 - DEBUG -   [Dry Run] PUT https://api.github.com/repos/klefstad-teaching/cs141-w26-lab2c-wdrobish/collaborators/liuftuci with permission"pull"
2026-01-15 08:18:04,701 - DEBUG - Inviting Dhivyno to klefstad-teaching/cs141-w26-lab2c-haoqp1...
2026-01-15 08:18:04,701 - DEBUG -   [Dry Run] PUT https://api.github.com/repos/klefstad-teaching/cs141-w26-lab2c-haoqp1/collaborators/Dhivyno with permission"pull"
2026-01-15 08:18:04,701 - DEBUG - Inviting Dhivyno to klefstad-teaching/cs141-w26-lab2c-20chino05...
2026-01-15 08:18:04,701 - DEBUG -   [Dry Run] PUT https://api.github.com/repos/klefstad-teaching/cs141-w26-lab2c-20chino05/collaborators/Dhivyno with permission"pull"
2026-01-15 08:18:04,701 - DEBUG - Inviting Jthoeung to klefstad-teaching/cs141-w26-lab2b-sasha-oconnor...
2026-01-15 08:18:04,701 - DEBUG -   [Dry Run] PUT https://api.github.com/repos/klefstad-teaching/cs141-w26-lab2b-sasha-oconnor/collaborators/Jthoeung with permission"pull"
2026-01-15 08:18:04,701 - DEBUG - Inviting Jthoeung to klefstad-teaching/cs141-w26-lab2b-techsgithub...
2026-01-15 08:18:04,701 - DEBUG -   [Dry Run] PUT https://api.github.com/repos/klefstad-teaching/cs141-w26-lab2b-techsgithub/collaborators/Jthoeung with permission"pull"
2026-01-15 08:18:04,701 - DEBUG - Inviting charcod-jpg to klefstad-teaching/cs141-w26-lab2c-w4h009...
2026-01-15 08:18:04,701 - DEBUG -   [Dry Run] PUT https://api.github.com/repos/klefstad-teaching/cs141-w26-lab2c-w4h009/collaborators/charcod-jpg with permission"pull"
2026-01-15 08:18:04,701 - DEBUG - Inviting charcod-jpg to klefstad-teaching/cs141-w26-lab2b-heechy33...
2026-01-15 08:18:04,701 - DEBUG -   [Dry Run] PUT https://api.github.com/repos/klefstad-teaching/cs141-w26-lab2b-heechy33/collaborators/charcod-jpg with permission"pull"
2026-01-15 08:18:04,701 - DEBUG - Inviting KayleTruong to klefstad-teaching/cs141-w26-lab2b-nyelgireddy...
2026-01-15 08:18:04,701 - DEBUG -   [Dry Run] PUT https://api.github.com/repos/klefstad-teaching/cs141-w26-lab2b-nyelgireddy/collaborators/KayleTruong with permission"pull"
2026-01-15 08:18:04,701 - DEBUG - Inviting KayleTruong to klefstad-teaching/cs141-w26-lab2c-MichaelP222...
2026-01-15 08:18:04,701 - DEBUG -   [Dry Run] PUT https://api.github.com/repos/klefstad-teaching/cs141-w26-lab2c-MichaelP222/collaborators/KayleTruong with permission"pull"
2026-01-15 08:18:04,701 - DEBUG - Inviting pjtsearch to klefstad-teaching/cs141-w26-lab2b-alvarov17...
2026-01-15 08:18:04,701 - DEBUG -   [Dry Run] PUT https://api.github.com/repos/klefstad-teaching/cs141-w26-lab2b-alvarov17/collaborators/pjtsearch with permission"pull"
2026-01-15 08:18:04,701 - DEBUG - Inviting pjtsearch to klefstad-teaching/cs141-w26-lab2c-sunjaelee3...
2026-01-15 08:18:04,701 - DEBUG -   [Dry Run] PUT https://api.github.com/repos/klefstad-teaching/cs141-w26-lab2c-sunjaelee3/collaborators/pjtsearch with permission"pull"
2026-01-15 08:18:04,701 - DEBUG - Inviting Tiffannyy to klefstad-teaching/cs141-w26-lab2b-HsuAustin...
2026-01-15 08:18:04,701 - DEBUG -   [Dry Run] PUT https://api.github.com/repos/klefstad-teaching/cs141-w26-lab2b-HsuAustin/collaborators/Tiffannyy with permission"pull"
2026-01-15 08:18:04,701 - DEBUG - Inviting Tiffannyy to klefstad-teaching/cs141-w26-lab2b-triminhta1207...
2026-01-15 08:18:04,701 - DEBUG -   [Dry Run] PUT https://api.github.com/repos/klefstad-teaching/cs141-w26-lab2b-triminhta1207/collaborators/Tiffannyy with permission"pull"
2026-01-15 08:18:04,701 - DEBUG - Inviting Jajavon to klefstad-teaching/cs141-w26-lab2c-myn13...
2026-01-15 08:18:04,701 - DEBUG -   [Dry Run] PUT https://api.github.com/repos/klefstad-teaching/cs141-w26-lab2c-myn13/collaborators/Jajavon with permission"pull"
2026-01-15 08:18:04,701 - DEBUG - Inviting Jajavon to klefstad-teaching/cs141-w26-lab2b-fruitsaladyumyum...
2026-01-15 08:18:04,701 - DEBUG -   [Dry Run] PUT https://api.github.com/repos/klefstad-teaching/cs141-w26-lab2b-fruitsaladyumyum/collaborators/Jajavon with permission"pull"
2026-01-15 08:18:04,701 - DEBUG - Inviting axelwennerlund to klefstad-teaching/cs141-w26-lab2b-christinne-n...
2026-01-15 08:18:04,701 - DEBUG -   [Dry Run] PUT https://api.github.com/repos/klefstad-teaching/cs141-w26-lab2b-christinne-n/collaborators/axelwennerlund with permission"pull"
2026-01-15 08:18:04,701 - DEBUG - Inviting axelwennerlund to klefstad-teaching/cs141-w26-lab2c-ethnvo...
2026-01-15 08:18:04,701 - DEBUG -   [Dry Run] PUT https://api.github.com/repos/klefstad-teaching/cs141-w26-lab2c-ethnvo/collaborators/axelwennerlund with permission"pull"
2026-01-15 08:18:04,701 - DEBUG - Inviting jordan-m-finn to klefstad-teaching/cs141-w26-lab2c-LittleLion930...
2026-01-15 08:18:04,701 - DEBUG -   [Dry Run] PUT https://api.github.com/repos/klefstad-teaching/cs141-w26-lab2c-LittleLion930/collaborators/jordan-m-finn with permission"pull"
2026-01-15 08:18:04,701 - DEBUG - Inviting jordan-m-finn to klefstad-teaching/cs141-w26-lab2c-mjliu5...
2026-01-15 08:18:04,701 - DEBUG -   [Dry Run] PUT https://api.github.com/repos/klefstad-teaching/cs141-w26-lab2c-mjliu5/collaborators/jordan-m-finn with permission"pull"
2026-01-15 08:18:04,701 - DEBUG - Inviting QuocTrinh-hub to klefstad-teaching/cs141-w26-lab2c-marcusl07...
2026-01-15 08:18:04,701 - DEBUG -   [Dry Run] PUT https://api.github.com/repos/klefstad-teaching/cs141-w26-lab2c-marcusl07/collaborators/QuocTrinh-hub with permission"pull"
2026-01-15 08:18:04,701 - DEBUG - Inviting QuocTrinh-hub to klefstad-teaching/cs141-w26-lab2c-MNUQUI...
2026-01-15 08:18:04,701 - DEBUG -   [Dry Run] PUT https://api.github.com/repos/klefstad-teaching/cs141-w26-lab2c-MNUQUI/collaborators/QuocTrinh-hub with permission"pull"
2026-01-15 08:18:04,701 - DEBUG - Inviting NvyGreen to klefstad-teaching/cs141-w26-lab2b-itsmandrew...
2026-01-15 08:18:04,701 - DEBUG -   [Dry Run] PUT https://api.github.com/repos/klefstad-teaching/cs141-w26-lab2b-itsmandrew/collaborators/NvyGreen with permission"pull"
2026-01-15 08:18:04,701 - DEBUG - Inviting NvyGreen to klefstad-teaching/cs141-w26-lab2c-xsjsgfdysd...
2026-01-15 08:18:04,701 - DEBUG -   [Dry Run] PUT https://api.github.com/repos/klefstad-teaching/cs141-w26-lab2c-xsjsgfdysd/collaborators/NvyGreen with permission"pull"
2026-01-15 08:18:04,701 - DEBUG - Inviting BradyCason to klefstad-teaching/cs141-w26-lab2c-ganeevsinghs...
2026-01-15 08:18:04,701 - DEBUG -   [Dry Run] PUT https://api.github.com/repos/klefstad-teaching/cs141-w26-lab2c-ganeevsinghs/collaborators/BradyCason with permission"pull"
2026-01-15 08:18:04,701 - DEBUG - Inviting BradyCason to klefstad-teaching/cs141-w26-lab2b-riyapanche...
2026-01-15 08:18:04,701 - DEBUG -   [Dry Run] PUT https://api.github.com/repos/klefstad-teaching/cs141-w26-lab2b-riyapanche/collaborators/BradyCason with permission"pull"
2026-01-15 08:18:04,701 - DEBUG - Inviting JustinLi212 to klefstad-teaching/cs141-w26-lab2b-brandog2039...
2026-01-15 08:18:04,701 - DEBUG -   [Dry Run] PUT https://api.github.com/repos/klefstad-teaching/cs141-w26-lab2b-brandog2039/collaborators/JustinLi212 with permission"pull"
2026-01-15 08:18:04,701 - DEBUG - Inviting JustinLi212 to klefstad-teaching/cs141-w26-lab2b-bqtquach...
2026-01-15 08:18:04,701 - DEBUG -   [Dry Run] PUT https://api.github.com/repos/klefstad-teaching/cs141-w26-lab2b-bqtquach/collaborators/JustinLi212 with permission"pull"
2026-01-15 08:18:04,701 - DEBUG - Inviting nxphan-uci to klefstad-teaching/cs141-w26-lab2c-eshahrestany...
2026-01-15 08:18:04,701 - DEBUG -   [Dry Run] PUT https://api.github.com/repos/klefstad-teaching/cs141-w26-lab2c-eshahrestany/collaborators/nxphan-uci with permission"pull"
2026-01-15 08:18:04,701 - DEBUG - Inviting nxphan-uci to klefstad-teaching/cs141-w26-lab2c-1JunHuang...
2026-01-15 08:18:04,701 - DEBUG -   [Dry Run] PUT https://api.github.com/repos/klefstad-teaching/cs141-w26-lab2c-1JunHuang/collaborators/nxphan-uci with permission"pull"
2026-01-15 08:18:04,701 - DEBUG - Inviting laggycomputer to klefstad-teaching/cs141-w26-lab2b-ninal11...
2026-01-15 08:18:04,701 - DEBUG -   [Dry Run] PUT https://api.github.com/repos/klefstad-teaching/cs141-w26-lab2b-ninal11/collaborators/laggycomputer with permission"pull"
2026-01-15 08:18:04,701 - DEBUG - Inviting laggycomputer to klefstad-teaching/cs141-w26-lab2c-charlesyeh-1103...
2026-01-15 08:18:04,701 - DEBUG -   [Dry Run] PUT https://api.github.com/repos/klefstad-teaching/cs141-w26-lab2c-charlesyeh-1103/collaborators/laggycomputer with permission"pull"
2026-01-15 08:18:04,701 - DEBUG - Inviting JordanPham2002 to klefstad-teaching/cs141-w26-lab2b-nathanlcheng...
2026-01-15 08:18:04,701 - DEBUG -   [Dry Run] PUT https://api.github.com/repos/klefstad-teaching/cs141-w26-lab2b-nathanlcheng/collaborators/JordanPham2002 with permission"pull"
2026-01-15 08:18:04,701 - DEBUG - Inviting JordanPham2002 to klefstad-teaching/cs141-w26-lab2c-anthon12-uci...
2026-01-15 08:18:04,701 - DEBUG -   [Dry Run] PUT https://api.github.com/repos/klefstad-teaching/cs141-w26-lab2c-anthon12-uci/collaborators/JordanPham2002 with permission"pull"
2026-01-15 08:18:04,701 - DEBUG - Inviting PNZ-z to klefstad-teaching/cs141-w26-lab2c-Jinseyam...
2026-01-15 08:18:04,701 - DEBUG -   [Dry Run] PUT https://api.github.com/repos/klefstad-teaching/cs141-w26-lab2c-Jinseyam/collaborators/PNZ-z with permission"pull"
2026-01-15 08:18:04,701 - DEBUG - Inviting PNZ-z to klefstad-teaching/cs141-w26-lab2c-AntonioCuan...
2026-01-15 08:18:04,701 - DEBUG -   [Dry Run] PUT https://api.github.com/repos/klefstad-teaching/cs141-w26-lab2c-AntonioCuan/collaborators/PNZ-z with permission"pull"
2026-01-15 08:18:04,701 - DEBUG - Inviting kristerduster to klefstad-teaching/cs141-w26-lab2c-spencerleaf...
2026-01-15 08:18:04,701 - DEBUG -   [Dry Run] PUT https://api.github.com/repos/klefstad-teaching/cs141-w26-lab2c-spencerleaf/collaborators/kristerduster with permission"pull"
2026-01-15 08:18:04,701 - DEBUG - Inviting kristerduster to klefstad-teaching/cs141-w26-lab2c-sasakip-uci-edu...
2026-01-15 08:18:04,701 - DEBUG -   [Dry Run] PUT https://api.github.com/repos/klefstad-teaching/cs141-w26-lab2c-sasakip-uci-edu/collaborators/kristerduster with permission"pull"
2026-01-15 08:18:04,701 - DEBUG - Inviting ermmre to klefstad-teaching/cs141-w26-lab2b-LentKe...
2026-01-15 08:18:04,701 - DEBUG -   [Dry Run] PUT https://api.github.com/repos/klefstad-teaching/cs141-w26-lab2b-LentKe/collaborators/ermmre with permission"pull"
2026-01-15 08:18:04,701 - DEBUG - Inviting ermmre to klefstad-teaching/cs141-w26-lab2b-Ranoldt...
2026-01-15 08:18:04,701 - DEBUG -   [Dry Run] PUT https://api.github.com/repos/klefstad-teaching/cs141-w26-lab2b-Ranoldt/collaborators/ermmre with permission"pull"
2026-01-15 08:18:04,701 - DEBUG - Inviting mtranfie to klefstad-teaching/cs141-w26-lab2b-avanaaap...
2026-01-15 08:18:04,701 - DEBUG -   [Dry Run] PUT https://api.github.com/repos/klefstad-teaching/cs141-w26-lab2b-avanaaap/collaborators/mtranfie with permission"pull"
2026-01-15 08:18:04,701 - DEBUG - Inviting mtranfie to klefstad-teaching/cs141-w26-lab2c-Lekzs...
2026-01-15 08:18:04,701 - DEBUG -   [Dry Run] PUT https://api.github.com/repos/klefstad-teaching/cs141-w26-lab2c-Lekzs/collaborators/mtranfie with permission"pull"
2026-01-15 08:18:04,701 - DEBUG - Inviting ebangerz to klefstad-teaching/cs141-w26-lab2b-CyanAnteater...
2026-01-15 08:18:04,701 - DEBUG -   [Dry Run] PUT https://api.github.com/repos/klefstad-teaching/cs141-w26-lab2b-CyanAnteater/collaborators/ebangerz with permission"pull"
2026-01-15 08:18:04,701 - DEBUG - Inviting ebangerz to klefstad-teaching/cs141-w26-lab2c-DylanVuong3...
2026-01-15 08:18:04,701 - DEBUG -   [Dry Run] PUT https://api.github.com/repos/klefstad-teaching/cs141-w26-lab2c-DylanVuong3/collaborators/ebangerz with permission"pull"
2026-01-15 08:18:04,701 - DEBUG - Inviting AndrewShim0428 to klefstad-teaching/cs141-w26-lab2c-wendiiiiii...
2026-01-15 08:18:04,701 - DEBUG -   [Dry Run] PUT https://api.github.com/repos/klefstad-teaching/cs141-w26-lab2c-wendiiiiii/collaborators/AndrewShim0428 with permission"pull"
2026-01-15 08:18:04,701 - DEBUG - Inviting AndrewShim0428 to klefstad-teaching/cs141-w26-lab2c-agamvirmandair...
2026-01-15 08:18:04,701 - DEBUG -   [Dry Run] PUT https://api.github.com/repos/klefstad-teaching/cs141-w26-lab2c-agamvirmandair/collaborators/AndrewShim0428 with permission"pull"
2026-01-15 08:18:04,701 - DEBUG - Inviting clairdelunesolace to klefstad-teaching/cs141-w26-lab2c-CHAdinna...
2026-01-15 08:18:04,701 - DEBUG -   [Dry Run] PUT https://api.github.com/repos/klefstad-teaching/cs141-w26-lab2c-CHAdinna/collaborators/clairdelunesolace with permission"pull"
2026-01-15 08:18:04,701 - DEBUG - Inviting clairdelunesolace to klefstad-teaching/cs141-w26-lab2b-AllyBeary...
2026-01-15 08:18:04,701 - DEBUG -   [Dry Run] PUT https://api.github.com/repos/klefstad-teaching/cs141-w26-lab2b-AllyBeary/collaborators/clairdelunesolace with permission"pull"
2026-01-15 08:18:04,701 - DEBUG - Inviting 6LEON8 to klefstad-teaching/cs141-w26-lab2b-joolenn...
2026-01-15 08:18:04,701 - DEBUG -   [Dry Run] PUT https://api.github.com/repos/klefstad-teaching/cs141-w26-lab2b-joolenn/collaborators/6LEON8 with permission"pull"
2026-01-15 08:18:04,701 - DEBUG - Inviting 6LEON8 to klefstad-teaching/cs141-w26-lab2c-EatKFCinMc...
2026-01-15 08:18:04,701 - DEBUG -   [Dry Run] PUT https://api.github.com/repos/klefstad-teaching/cs141-w26-lab2c-EatKFCinMc/collaborators/6LEON8 with permission"pull"
2026-01-15 08:18:04,701 - DEBUG - Inviting hivgundamss to klefstad-teaching/cs141-w26-lab2b-joshngn...
2026-01-15 08:18:04,701 - DEBUG -   [Dry Run] PUT https://api.github.com/repos/klefstad-teaching/cs141-w26-lab2b-joshngn/collaborators/hivgundamss with permission"pull"
2026-01-15 08:18:04,701 - DEBUG - Inviting hivgundamss to klefstad-teaching/cs141-w26-lab2b-achakka24...
2026-01-15 08:18:04,701 - DEBUG -   [Dry Run] PUT https://api.github.com/repos/klefstad-teaching/cs141-w26-lab2b-achakka24/collaborators/hivgundamss with permission"pull"
2026-01-15 08:18:04,701 - DEBUG - Inviting cessar3 to klefstad-teaching/cs141-w26-lab2b-lukes4-uci...
2026-01-15 08:18:04,701 - DEBUG -   [Dry Run] PUT https://api.github.com/repos/klefstad-teaching/cs141-w26-lab2b-lukes4-uci/collaborators/cessar3 with permission"pull"
2026-01-15 08:18:04,701 - DEBUG - Inviting cessar3 to klefstad-teaching/cs141-w26-lab2c-aresalvarado...
2026-01-15 08:18:04,701 - DEBUG -   [Dry Run] PUT https://api.github.com/repos/klefstad-teaching/cs141-w26-lab2c-aresalvarado/collaborators/cessar3 with permission"pull"
2026-01-15 08:18:04,701 - DEBUG - Inviting laurajacint0 to klefstad-teaching/cs141-w26-lab2c-varunia2...
2026-01-15 08:18:04,701 - DEBUG -   [Dry Run] PUT https://api.github.com/repos/klefstad-teaching/cs141-w26-lab2c-varunia2/collaborators/laurajacint0 with permission"pull"
2026-01-15 08:18:04,701 - DEBUG - Inviting laurajacint0 to klefstad-teaching/cs141-w26-lab2b-sahirss...
2026-01-15 08:18:04,701 - DEBUG -   [Dry Run] PUT https://api.github.com/repos/klefstad-teaching/cs141-w26-lab2b-sahirss/collaborators/laurajacint0 with permission"pull"
2026-01-15 08:18:04,701 - DEBUG - Inviting pr1vatestaticfinal to klefstad-teaching/cs141-w26-lab2c-arjunk76...
2026-01-15 08:18:04,701 - DEBUG -   [Dry Run] PUT https://api.github.com/repos/klefstad-teaching/cs141-w26-lab2c-arjunk76/collaborators/pr1vatestaticfinal with permission"pull"
2026-01-15 08:18:04,701 - DEBUG - Inviting pr1vatestaticfinal to klefstad-teaching/cs141-w26-lab2c-kevinh-a...
2026-01-15 08:18:04,701 - DEBUG -   [Dry Run] PUT https://api.github.com/repos/klefstad-teaching/cs141-w26-lab2c-kevinh-a/collaborators/pr1vatestaticfinal with permission"pull"
2026-01-15 08:18:04,701 - DEBUG - Inviting ethanvotran20 to klefstad-teaching/cs141-w26-lab2c-sim-hub1...
2026-01-15 08:18:04,701 - DEBUG -   [Dry Run] PUT https://api.github.com/repos/klefstad-teaching/cs141-w26-lab2c-sim-hub1/collaborators/ethanvotran20 with permission"pull"
2026-01-15 08:18:04,701 - DEBUG - Inviting ethanvotran20 to klefstad-teaching/cs141-w26-lab2c-ariyagowda...
2026-01-15 08:18:04,702 - DEBUG -   [Dry Run] PUT https://api.github.com/repos/klefstad-teaching/cs141-w26-lab2c-ariyagowda/collaborators/ethanvotran20 with permission"pull"
2026-01-15 08:18:04,702 - DEBUG - Inviting pub1icstaticvoid to klefstad-teaching/cs141-w26-lab2b-yilis15...
2026-01-15 08:18:04,702 - DEBUG -   [Dry Run] PUT https://api.github.com/repos/klefstad-teaching/cs141-w26-lab2b-yilis15/collaborators/pub1icstaticvoid with permission"pull"
2026-01-15 08:18:04,702 - DEBUG - Inviting pub1icstaticvoid to klefstad-teaching/cs141-w26-lab2c-ArchieSeh...
2026-01-15 08:18:04,702 - DEBUG -   [Dry Run] PUT https://api.github.com/repos/klefstad-teaching/cs141-w26-lab2c-ArchieSeh/collaborators/pub1icstaticvoid with permission"pull"
2026-01-15 08:18:04,702 - DEBUG - Inviting lukashauge to klefstad-teaching/cs141-w26-lab2b-firewuf...
2026-01-15 08:18:04,702 - DEBUG -   [Dry Run] PUT https://api.github.com/repos/klefstad-teaching/cs141-w26-lab2b-firewuf/collaborators/lukashauge with permission"pull"
2026-01-15 08:18:04,702 - DEBUG - Inviting lukashauge to klefstad-teaching/cs141-w26-lab2c-dsilluci...
2026-01-15 08:18:04,702 - DEBUG -   [Dry Run] PUT https://api.github.com/repos/klefstad-teaching/cs141-w26-lab2c-dsilluci/collaborators/lukashauge with permission"pull"
2026-01-15 08:18:04,702 - DEBUG - Inviting KunGeng to klefstad-teaching/cs141-w26-lab2b-Epic-Mushroom...
2026-01-15 08:18:04,702 - DEBUG -   [Dry Run] PUT https://api.github.com/repos/klefstad-teaching/cs141-w26-lab2b-Epic-Mushroom/collaborators/KunGeng with permission"pull"
2026-01-15 08:18:04,702 - DEBUG - Inviting KunGeng to klefstad-teaching/cs141-w26-lab2b-lenat05...
2026-01-15 08:18:04,702 - DEBUG -   [Dry Run] PUT https://api.github.com/repos/klefstad-teaching/cs141-w26-lab2b-lenat05/collaborators/KunGeng with permission"pull"
2026-01-15 08:18:04,702 - DEBUG - Inviting Atif-Ahmad to klefstad-teaching/cs141-w26-lab2b-TonyYao8271...
2026-01-15 08:18:04,702 - DEBUG -   [Dry Run] PUT https://api.github.com/repos/klefstad-teaching/cs141-w26-lab2b-TonyYao8271/collaborators/Atif-Ahmad with permission"pull"
2026-01-15 08:18:04,702 - DEBUG - Inviting Atif-Ahmad to klefstad-teaching/cs141-w26-lab2c-AdiAnteater...
2026-01-15 08:18:04,702 - DEBUG -   [Dry Run] PUT https://api.github.com/repos/klefstad-teaching/cs141-w26-lab2c-AdiAnteater/collaborators/Atif-Ahmad with permission"pull"
2026-01-15 08:18:04,702 - DEBUG - Inviting esivorap to klefstad-teaching/cs141-w26-lab2c-jy8liu...
2026-01-15 08:18:04,702 - DEBUG -   [Dry Run] PUT https://api.github.com/repos/klefstad-teaching/cs141-w26-lab2c-jy8liu/collaborators/esivorap with permission"pull"
2026-01-15 08:18:04,702 - DEBUG - Inviting esivorap to klefstad-teaching/cs141-w26-lab2b-zhcaury2...
2026-01-15 08:18:04,702 - DEBUG -   [Dry Run] PUT https://api.github.com/repos/klefstad-teaching/cs141-w26-lab2b-zhcaury2/collaborators/esivorap with permission"pull"
2026-01-15 08:18:04,702 - DEBUG - Inviting emiliolim to klefstad-teaching/cs141-w26-lab2c-Ava-Kopecky...
2026-01-15 08:18:04,702 - DEBUG -   [Dry Run] PUT https://api.github.com/repos/klefstad-teaching/cs141-w26-lab2c-Ava-Kopecky/collaborators/emiliolim with permission"pull"
2026-01-15 08:18:04,702 - DEBUG - Inviting emiliolim to klefstad-teaching/cs141-w26-lab2c-lucasli2...
2026-01-15 08:18:04,702 - DEBUG -   [Dry Run] PUT https://api.github.com/repos/klefstad-teaching/cs141-w26-lab2c-lucasli2/collaborators/emiliolim with permission"pull"
2026-01-15 08:18:04,702 - DEBUG - Inviting smuretta16 to klefstad-teaching/cs141-w26-lab2c-devg1ics...
2026-01-15 08:18:04,702 - DEBUG -   [Dry Run] PUT https://api.github.com/repos/klefstad-teaching/cs141-w26-lab2c-devg1ics/collaborators/smuretta16 with permission"pull"
2026-01-15 08:18:04,702 - DEBUG - Inviting smuretta16 to klefstad-teaching/cs141-w26-lab2c-willm326...
2026-01-15 08:18:04,702 - DEBUG -   [Dry Run] PUT https://api.github.com/repos/klefstad-teaching/cs141-w26-lab2c-willm326/collaborators/smuretta16 with permission"pull"
2026-01-15 08:18:04,702 - DEBUG - Inviting AnviM1 to klefstad-teaching/cs141-w26-lab2b-AlvinAKTran...
2026-01-15 08:18:04,702 - DEBUG -   [Dry Run] PUT https://api.github.com/repos/klefstad-teaching/cs141-w26-lab2b-AlvinAKTran/collaborators/AnviM1 with permission"pull"
2026-01-15 08:18:04,702 - DEBUG - Inviting AnviM1 to klefstad-teaching/cs141-w26-lab2c-QNDang...
2026-01-15 08:18:04,702 - DEBUG -   [Dry Run] PUT https://api.github.com/repos/klefstad-teaching/cs141-w26-lab2c-QNDang/collaborators/AnviM1 with permission"pull"
2026-01-15 08:18:04,702 - DEBUG - Inviting Nicol-U to klefstad-teaching/cs141-w26-lab2c-gcjong030...
2026-01-15 08:18:04,702 - DEBUG -   [Dry Run] PUT https://api.github.com/repos/klefstad-teaching/cs141-w26-lab2c-gcjong030/collaborators/Nicol-U with permission"pull"
2026-01-15 08:18:04,702 - DEBUG - Inviting Nicol-U to klefstad-teaching/cs141-w26-lab2c-Frank808-Git...
2026-01-15 08:18:04,702 - DEBUG -   [Dry Run] PUT https://api.github.com/repos/klefstad-teaching/cs141-w26-lab2c-Frank808-Git/collaborators/Nicol-U with permission"pull"
2026-01-15 08:18:04,702 - DEBUG - Inviting moonluno to klefstad-teaching/cs141-w26-lab2c-apoolla114...
2026-01-15 08:18:04,702 - DEBUG -   [Dry Run] PUT https://api.github.com/repos/klefstad-teaching/cs141-w26-lab2c-apoolla114/collaborators/moonluno with permission"pull"
2026-01-15 08:18:04,702 - DEBUG - Inviting moonluno to klefstad-teaching/cs141-w26-lab2b-EliranAvigani...
2026-01-15 08:18:04,702 - DEBUG -   [Dry Run] PUT https://api.github.com/repos/klefstad-teaching/cs141-w26-lab2b-EliranAvigani/collaborators/moonluno with permission"pull"
2026-01-15 08:18:04,702 - DEBUG - Inviting noahk004 to klefstad-teaching/cs141-w26-lab2c-jjdonckels...
2026-01-15 08:18:04,702 - DEBUG -   [Dry Run] PUT https://api.github.com/repos/klefstad-teaching/cs141-w26-lab2c-jjdonckels/collaborators/noahk004 with permission"pull"
2026-01-15 08:18:04,702 - DEBUG - Inviting noahk004 to klefstad-teaching/cs141-w26-lab2c-aputty11...
2026-01-15 08:18:04,702 - DEBUG -   [Dry Run] PUT https://api.github.com/repos/klefstad-teaching/cs141-w26-lab2c-aputty11/collaborators/noahk004 with permission"pull"
2026-01-15 08:18:04,702 - DEBUG - Inviting dpappachan to klefstad-teaching/cs141-w26-lab2c-nctam2...
2026-01-15 08:18:04,702 - DEBUG -   [Dry Run] PUT https://api.github.com/repos/klefstad-teaching/cs141-w26-lab2c-nctam2/collaborators/dpappachan with permission"pull"
2026-01-15 08:18:04,702 - DEBUG - Inviting dpappachan to klefstad-teaching/cs141-w26-lab2b-Dpoin23...
2026-01-15 08:18:04,702 - DEBUG -   [Dry Run] PUT https://api.github.com/repos/klefstad-teaching/cs141-w26-lab2b-Dpoin23/collaborators/dpappachan with permission"pull"
2026-01-15 08:18:04,702 - DEBUG - Inviting kamyyywang to klefstad-teaching/cs141-w26-lab2c-iiBooque...
2026-01-15 08:18:04,702 - DEBUG -   [Dry Run] PUT https://api.github.com/repos/klefstad-teaching/cs141-w26-lab2c-iiBooque/collaborators/kamyyywang with permission"pull"
2026-01-15 08:18:04,702 - DEBUG - Inviting kamyyywang to klefstad-teaching/cs141-w26-lab2b-abhinavuppala...
2026-01-15 08:18:04,702 - DEBUG -   [Dry Run] PUT https://api.github.com/repos/klefstad-teaching/cs141-w26-lab2b-abhinavuppala/collaborators/kamyyywang with permission"pull"
2026-01-15 08:18:04,702 - DEBUG - Inviting HarryS561 to klefstad-teaching/cs141-w26-lab2b-andrewwsou...
2026-01-15 08:18:04,702 - DEBUG -   [Dry Run] PUT https://api.github.com/repos/klefstad-teaching/cs141-w26-lab2b-andrewwsou/collaborators/HarryS561 with permission"pull"
2026-01-15 08:18:04,702 - DEBUG - Inviting HarryS561 to klefstad-teaching/cs141-w26-lab2c-gymPotato-1...
2026-01-15 08:18:04,702 - DEBUG -   [Dry Run] PUT https://api.github.com/repos/klefstad-teaching/cs141-w26-lab2c-gymPotato-1/collaborators/HarryS561 with permission"pull"
2026-01-15 08:18:04,702 - DEBUG - Inviting daviddeng0smm to klefstad-teaching/cs141-w26-lab2c-aditkantak...
2026-01-15 08:18:04,702 - DEBUG -   [Dry Run] PUT https://api.github.com/repos/klefstad-teaching/cs141-w26-lab2c-aditkantak/collaborators/daviddeng0smm with permission"pull"
2026-01-15 08:18:04,702 - DEBUG - Inviting daviddeng0smm to klefstad-teaching/cs141-w26-lab2c-MubaiLi222...
2026-01-15 08:18:04,702 - DEBUG -   [Dry Run] PUT https://api.github.com/repos/klefstad-teaching/cs141-w26-lab2c-MubaiLi222/collaborators/daviddeng0smm with permission"pull"
2026-01-15 08:18:04,702 - DEBUG - Inviting EliranAvigani to klefstad-teaching/cs141-w26-lab2a-KunGeng...
2026-01-15 08:18:04,702 - DEBUG -   [Dry Run] PUT https://api.github.com/repos/klefstad-teaching/cs141-w26-lab2a-KunGeng/collaborators/EliranAvigani with permission"pull"
2026-01-15 08:18:04,702 - DEBUG - Inviting EliranAvigani to klefstad-teaching/cs141-w26-lab2a-lukashauge...
2026-01-15 08:18:04,702 - DEBUG -   [Dry Run] PUT https://api.github.com/repos/klefstad-teaching/cs141-w26-lab2a-lukashauge/collaborators/EliranAvigani with permission"pull"
2026-01-15 08:18:04,702 - DEBUG - Inviting TonyYao8271 to klefstad-teaching/cs141-w26-lab2a-ermmre...
2026-01-15 08:18:04,702 - DEBUG -   [Dry Run] PUT https://api.github.com/repos/klefstad-teaching/cs141-w26-lab2a-ermmre/collaborators/TonyYao8271 with permission"pull"
2026-01-15 08:18:04,702 - DEBUG - Inviting TonyYao8271 to klefstad-teaching/cs141-w26-lab2a-cessar3...
2026-01-15 08:18:04,702 - DEBUG -   [Dry Run] PUT https://api.github.com/repos/klefstad-teaching/cs141-w26-lab2a-cessar3/collaborators/TonyYao8271 with permission"pull"
2026-01-15 08:18:04,702 - DEBUG - Inviting elizabethmwatkins to klefstad-teaching/cs141-w26-lab2c-duyaj...
2026-01-15 08:18:04,702 - DEBUG -   [Dry Run] PUT https://api.github.com/repos/klefstad-teaching/cs141-w26-lab2c-duyaj/collaborators/elizabethmwatkins with permission"pull"
2026-01-15 08:18:04,702 - DEBUG - Inviting elizabethmwatkins to klefstad-teaching/cs141-w26-lab2a-pjtsearch...
2026-01-15 08:18:04,702 - DEBUG -   [Dry Run] PUT https://api.github.com/repos/klefstad-teaching/cs141-w26-lab2a-pjtsearch/collaborators/elizabethmwatkins with permission"pull"
2026-01-15 08:18:04,702 - DEBUG - Inviting christianacho to klefstad-teaching/cs141-w26-lab2c-JimmyZzz30...
2026-01-15 08:18:04,702 - DEBUG -   [Dry Run] PUT https://api.github.com/repos/klefstad-teaching/cs141-w26-lab2c-JimmyZzz30/collaborators/christianacho with permission"pull"
2026-01-15 08:18:04,702 - DEBUG - Inviting christianacho to klefstad-teaching/cs141-w26-lab2c-AshGasparyanCS...
2026-01-15 08:18:04,702 - DEBUG -   [Dry Run] PUT https://api.github.com/repos/klefstad-teaching/cs141-w26-lab2c-AshGasparyanCS/collaborators/christianacho with permission"pull"
2026-01-15 08:18:04,702 - DEBUG - Inviting Ranoldt to klefstad-teaching/cs141-w26-lab2c-kbattson...
2026-01-15 08:18:04,702 - DEBUG -   [Dry Run] PUT https://api.github.com/repos/klefstad-teaching/cs141-w26-lab2c-kbattson/collaborators/Ranoldt with permission"pull"
2026-01-15 08:18:04,702 - DEBUG - Inviting Ranoldt to klefstad-teaching/cs141-w26-lab2c-Accelerator050717...
2026-01-15 08:18:04,702 - DEBUG -   [Dry Run] PUT https://api.github.com/repos/klefstad-teaching/cs141-w26-lab2c-Accelerator050717/collaborators/Ranoldt with permission"pull"
2026-01-15 08:18:04,702 - DEBUG - Inviting jasonbm2 to klefstad-teaching/cs141-w26-lab2a-charcod-jpg...
2026-01-15 08:18:04,702 - DEBUG -   [Dry Run] PUT https://api.github.com/repos/klefstad-teaching/cs141-w26-lab2a-charcod-jpg/collaborators/jasonbm2 with permission"pull"
2026-01-15 08:18:04,702 - DEBUG - Inviting jasonbm2 to klefstad-teaching/cs141-w26-lab2c-vmrenter-code...
2026-01-15 08:18:04,702 - DEBUG -   [Dry Run] PUT https://api.github.com/repos/klefstad-teaching/cs141-w26-lab2c-vmrenter-code/collaborators/jasonbm2 with permission"pull"
2026-01-15 08:18:04,702 - DEBUG - Inviting Alexander-Tu2 to klefstad-teaching/cs141-w26-lab2a-JordanPham2002...
2026-01-15 08:18:04,702 - DEBUG -   [Dry Run] PUT https://api.github.com/repos/klefstad-teaching/cs141-w26-lab2a-JordanPham2002/collaborators/Alexander-Tu2 with permission"pull"
2026-01-15 08:18:04,702 - DEBUG - Inviting Alexander-Tu2 to klefstad-teaching/cs141-w26-lab2a-kristerduster...
2026-01-15 08:18:04,702 - DEBUG -   [Dry Run] PUT https://api.github.com/repos/klefstad-teaching/cs141-w26-lab2a-kristerduster/collaborators/Alexander-Tu2 with permission"pull"
2026-01-15 08:18:04,702 - DEBUG - Inviting yuchuehw to klefstad-teaching/cs141-w26-lab2c-Neilk1021...
2026-01-15 08:18:04,702 - DEBUG -   [Dry Run] PUT https://api.github.com/repos/klefstad-teaching/cs141-w26-lab2c-Neilk1021/collaborators/yuchuehw with permission"pull"
2026-01-15 08:18:04,702 - DEBUG - Inviting yuchuehw to klefstad-teaching/cs141-w26-lab2a-dpappachan...
2026-01-15 08:18:04,702 - DEBUG -   [Dry Run] PUT https://api.github.com/repos/klefstad-teaching/cs141-w26-lab2a-dpappachan/collaborators/yuchuehw with permission"pull"
2026-01-15 08:18:04,702 - DEBUG - Inviting ryanrT27 to klefstad-teaching/cs141-w26-lab2c-thomasn05...
2026-01-15 08:18:04,702 - DEBUG -   [Dry Run] PUT https://api.github.com/repos/klefstad-teaching/cs141-w26-lab2c-thomasn05/collaborators/ryanrT27 with permission"pull"
2026-01-15 08:18:04,702 - DEBUG - Inviting ryanrT27 to klefstad-teaching/cs141-w26-lab2a-Dhivyno...
2026-01-15 08:18:04,702 - DEBUG -   [Dry Run] PUT https://api.github.com/repos/klefstad-teaching/cs141-w26-lab2a-Dhivyno/collaborators/ryanrT27 with permission"pull"
2026-01-15 08:18:04,702 - DEBUG - Inviting mvttjb to klefstad-teaching/cs141-w26-lab2c-Mr-Merp...
2026-01-15 08:18:04,702 - DEBUG -   [Dry Run] PUT https://api.github.com/repos/klefstad-teaching/cs141-w26-lab2c-Mr-Merp/collaborators/mvttjb with permission"pull"
2026-01-15 08:18:04,702 - DEBUG - Inviting mvttjb to klefstad-teaching/cs141-w26-lab2a-Nicol-U...
2026-01-15 08:18:04,702 - DEBUG -   [Dry Run] PUT https://api.github.com/repos/klefstad-teaching/cs141-w26-lab2a-Nicol-U/collaborators/mvttjb with permission"pull"
2026-01-15 08:18:04,702 - DEBUG - Inviting alvarov17 to klefstad-teaching/cs141-w26-lab2a-JustinLi212...
2026-01-15 08:18:04,702 - DEBUG -   [Dry Run] PUT https://api.github.com/repos/klefstad-teaching/cs141-w26-lab2a-JustinLi212/collaborators/alvarov17 with permission"pull"
2026-01-15 08:18:04,702 - DEBUG - Inviting alvarov17 to klefstad-teaching/cs141-w26-lab2a-6LEON8...
2026-01-15 08:18:04,702 - DEBUG -   [Dry Run] PUT https://api.github.com/repos/klefstad-teaching/cs141-w26-lab2a-6LEON8/collaborators/alvarov17 with permission"pull"
2026-01-15 08:18:04,702 - DEBUG - Inviting firewuf to klefstad-teaching/cs141-w26-lab2a-noahk004...
2026-01-15 08:18:04,702 - DEBUG -   [Dry Run] PUT https://api.github.com/repos/klefstad-teaching/cs141-w26-lab2a-noahk004/collaborators/firewuf with permission"pull"
2026-01-15 08:18:04,702 - DEBUG - Inviting firewuf to klefstad-teaching/cs141-w26-lab2a-moonluno...
2026-01-15 08:18:04,702 - DEBUG -   [Dry Run] PUT https://api.github.com/repos/klefstad-teaching/cs141-w26-lab2a-moonluno/collaborators/firewuf with permission"pull"
2026-01-15 08:18:04,702 - DEBUG - Inviting lukes4-uci to klefstad-teaching/cs141-w26-lab2a-kamyyywang...
2026-01-15 08:18:04,702 - DEBUG -   [Dry Run] PUT https://api.github.com/repos/klefstad-teaching/cs141-w26-lab2a-kamyyywang/collaborators/lukes4-uci with permission"pull"
2026-01-15 08:18:04,702 - DEBUG - Inviting lukes4-uci to klefstad-teaching/cs141-w26-lab2a-AndrewShim0428...
2026-01-15 08:18:04,702 - DEBUG -   [Dry Run] PUT https://api.github.com/repos/klefstad-teaching/cs141-w26-lab2a-AndrewShim0428/collaborators/lukes4-uci with permission"pull"
2026-01-15 08:18:04,702 - DEBUG - Inviting sasha-oconnor to klefstad-teaching/cs141-w26-lab2a-BradyCason...
2026-01-15 08:18:04,702 - DEBUG -   [Dry Run] PUT https://api.github.com/repos/klefstad-teaching/cs141-w26-lab2a-BradyCason/collaborators/sasha-oconnor with permission"pull"
2026-01-15 08:18:04,702 - DEBUG - Inviting sasha-oconnor to klefstad-teaching/cs141-w26-lab2a-HarryS561...
2026-01-15 08:18:04,702 - DEBUG -   [Dry Run] PUT https://api.github.com/repos/klefstad-teaching/cs141-w26-lab2a-HarryS561/collaborators/sasha-oconnor with permission"pull"
2026-01-15 08:18:04,702 - DEBUG - Inviting HsuAustin to klefstad-teaching/cs141-w26-lab2a-NvyGreen...
2026-01-15 08:18:04,702 - DEBUG -   [Dry Run] PUT https://api.github.com/repos/klefstad-teaching/cs141-w26-lab2a-NvyGreen/collaborators/HsuAustin with permission"pull"
2026-01-15 08:18:04,702 - DEBUG - Inviting HsuAustin to klefstad-teaching/cs141-w26-lab2a-axelwennerlund...
2026-01-15 08:18:04,702 - DEBUG -   [Dry Run] PUT https://api.github.com/repos/klefstad-teaching/cs141-w26-lab2a-axelwennerlund/collaborators/HsuAustin with permission"pull"
2026-01-15 08:18:04,702 - DEBUG - Inviting joshngn to klefstad-teaching/cs141-w26-lab2c-cusianovic...
2026-01-15 08:18:04,702 - DEBUG -   [Dry Run] PUT https://api.github.com/repos/klefstad-teaching/cs141-w26-lab2c-cusianovic/collaborators/joshngn with permission"pull"
2026-01-15 08:18:04,702 - DEBUG - Inviting joshngn to klefstad-teaching/cs141-w26-lab2c-ZhouhengTao...
2026-01-15 08:18:04,702 - DEBUG -   [Dry Run] PUT https://api.github.com/repos/klefstad-teaching/cs141-w26-lab2c-ZhouhengTao/collaborators/joshngn with permission"pull"
2026-01-15 08:18:04,702 - DEBUG - Inviting sehop1-source to klefstad-teaching/cs141-w26-lab2c-supanice-uci...
2026-01-15 08:18:04,702 - DEBUG -   [Dry Run] PUT https://api.github.com/repos/klefstad-teaching/cs141-w26-lab2c-supanice-uci/collaborators/sehop1-source with permission"pull"
2026-01-15 08:18:04,702 - DEBUG - Inviting sehop1-source to klefstad-teaching/cs141-w26-lab2a-Atif-Ahmad...
2026-01-15 08:18:04,702 - DEBUG -   [Dry Run] PUT https://api.github.com/repos/klefstad-teaching/cs141-w26-lab2a-Atif-Ahmad/collaborators/sehop1-source with permission"pull"
2026-01-15 08:18:04,702 - DEBUG - Inviting jifanf1 to klefstad-teaching/cs141-w26-lab2a-pr1vatestaticfinal...
2026-01-15 08:18:04,702 - DEBUG -   [Dry Run] PUT https://api.github.com/repos/klefstad-teaching/cs141-w26-lab2a-pr1vatestaticfinal/collaborators/jifanf1 with permission"pull"
2026-01-15 08:18:04,702 - DEBUG - Inviting jifanf1 to klefstad-teaching/cs141-w26-lab2a-ethanvotran20...
2026-01-15 08:18:04,702 - DEBUG -   [Dry Run] PUT https://api.github.com/repos/klefstad-teaching/cs141-w26-lab2a-ethanvotran20/collaborators/jifanf1 with permission"pull"
2026-01-15 08:18:04,702 - DEBUG - Inviting riyapanche to klefstad-teaching/cs141-w26-lab2a-pub1icstaticvoid...
2026-01-15 08:18:04,702 - DEBUG -   [Dry Run] PUT https://api.github.com/repos/klefstad-teaching/cs141-w26-lab2a-pub1icstaticvoid/collaborators/riyapanche with permission"pull"
2026-01-15 08:18:04,702 - DEBUG - Inviting riyapanche to klefstad-teaching/cs141-w26-lab2c-PartiNoone...
2026-01-15 08:18:04,702 - DEBUG -   [Dry Run] PUT https://api.github.com/repos/klefstad-teaching/cs141-w26-lab2c-PartiNoone/collaborators/riyapanche with permission"pull"
2026-01-15 08:18:04,702 - DEBUG - Inviting drewreed2005 to klefstad-teaching/cs141-w26-lab2c-rsljhns...
2026-01-15 08:18:04,702 - DEBUG -   [Dry Run] PUT https://api.github.com/repos/klefstad-teaching/cs141-w26-lab2c-rsljhns/collaborators/drewreed2005 with permission"pull"
2026-01-15 08:18:04,702 - DEBUG - Inviting drewreed2005 to klefstad-teaching/cs141-w26-lab2a-mtranfie...
2026-01-15 08:18:04,702 - DEBUG -   [Dry Run] PUT https://api.github.com/repos/klefstad-teaching/cs141-w26-lab2a-mtranfie/collaborators/drewreed2005 with permission"pull"
2026-01-15 08:18:04,702 - DEBUG - Inviting AlvinAKTran to klefstad-teaching/cs141-w26-lab2c-vatsag-06...
2026-01-15 08:18:04,702 - DEBUG -   [Dry Run] PUT https://api.github.com/repos/klefstad-teaching/cs141-w26-lab2c-vatsag-06/collaborators/AlvinAKTran with permission"pull"
2026-01-15 08:18:04,702 - DEBUG - Inviting AlvinAKTran to klefstad-teaching/cs141-w26-lab2a-liuftuci...
2026-01-15 08:18:04,702 - DEBUG -   [Dry Run] PUT https://api.github.com/repos/klefstad-teaching/cs141-w26-lab2a-liuftuci/collaborators/AlvinAKTran with permission"pull"
2026-01-15 08:18:04,702 - DEBUG - Inviting nathanlcheng to klefstad-teaching/cs141-w26-lab2a-smuretta16...
2026-01-15 08:18:04,702 - DEBUG -   [Dry Run] PUT https://api.github.com/repos/klefstad-teaching/cs141-w26-lab2a-smuretta16/collaborators/nathanlcheng with permission"pull"
2026-01-15 08:18:04,702 - DEBUG - Inviting nathanlcheng to klefstad-teaching/cs141-w26-lab2a-QuocTrinh-hub...
2026-01-15 08:18:04,702 - DEBUG -   [Dry Run] PUT https://api.github.com/repos/klefstad-teaching/cs141-w26-lab2a-QuocTrinh-hub/collaborators/nathanlcheng with permission"pull"
2026-01-15 08:18:04,702 - DEBUG - Inviting abhinavuppala to klefstad-teaching/cs141-w26-lab2c-rheajethvani...
2026-01-15 08:18:04,702 - DEBUG -   [Dry Run] PUT https://api.github.com/repos/klefstad-teaching/cs141-w26-lab2c-rheajethvani/collaborators/abhinavuppala with permission"pull"
2026-01-15 08:18:04,702 - DEBUG - Inviting abhinavuppala to klefstad-teaching/cs141-w26-lab2a-jordan-m-finn...
2026-01-15 08:18:04,702 - DEBUG -   [Dry Run] PUT https://api.github.com/repos/klefstad-teaching/cs141-w26-lab2a-jordan-m-finn/collaborators/abhinavuppala with permission"pull"
2026-01-15 08:18:04,702 - DEBUG - Inviting Dpoin23 to klefstad-teaching/cs141-w26-lab2a-laurajacint0...
2026-01-15 08:18:04,702 - DEBUG -   [Dry Run] PUT https://api.github.com/repos/klefstad-teaching/cs141-w26-lab2a-laurajacint0/collaborators/Dpoin23 with permission"pull"
2026-01-15 08:18:04,702 - DEBUG - Inviting Dpoin23 to klefstad-teaching/cs141-w26-lab2a-emiliolim...
2026-01-15 08:18:04,702 - DEBUG -   [Dry Run] PUT https://api.github.com/repos/klefstad-teaching/cs141-w26-lab2a-emiliolim/collaborators/Dpoin23 with permission"pull"
2026-01-15 08:18:04,702 - DEBUG - Inviting techsgithub to klefstad-teaching/cs141-w26-lab2a-ebangerz...
2026-01-15 08:18:04,702 - DEBUG -   [Dry Run] PUT https://api.github.com/repos/klefstad-teaching/cs141-w26-lab2a-ebangerz/collaborators/techsgithub with permission"pull"
2026-01-15 08:18:04,702 - DEBUG - Inviting techsgithub to klefstad-teaching/cs141-w26-lab2c-seungl25...
2026-01-15 08:18:04,702 - DEBUG -   [Dry Run] PUT https://api.github.com/repos/klefstad-teaching/cs141-w26-lab2c-seungl25/collaborators/techsgithub with permission"pull"
2026-01-15 08:18:04,702 - DEBUG - Inviting oglantz to klefstad-teaching/cs141-w26-lab2a-Jthoeung...
2026-01-15 08:18:04,702 - DEBUG -   [Dry Run] PUT https://api.github.com/repos/klefstad-teaching/cs141-w26-lab2a-Jthoeung/collaborators/oglantz with permission"pull"
2026-01-15 08:18:04,702 - DEBUG - Inviting oglantz to klefstad-teaching/cs141-w26-lab2c-EpicToastTM...
2026-01-15 08:18:04,702 - DEBUG -   [Dry Run] PUT https://api.github.com/repos/klefstad-teaching/cs141-w26-lab2c-EpicToastTM/collaborators/oglantz with permission"pull"
2026-01-15 08:18:04,702 - DEBUG - Inviting nyelgireddy to klefstad-teaching/cs141-w26-lab2c-NotJonny1...
2026-01-15 08:18:04,702 - DEBUG -   [Dry Run] PUT https://api.github.com/repos/klefstad-teaching/cs141-w26-lab2c-NotJonny1/collaborators/nyelgireddy with permission"pull"
2026-01-15 08:18:04,702 - DEBUG - Inviting nyelgireddy to klefstad-teaching/cs141-w26-lab2a-clairdelunesolace...
2026-01-15 08:18:04,702 - DEBUG -   [Dry Run] PUT https://api.github.com/repos/klefstad-teaching/cs141-w26-lab2a-clairdelunesolace/collaborators/nyelgireddy with permission"pull"
2026-01-15 08:18:04,702 - DEBUG - Inviting andrewwsou to klefstad-teaching/cs141-w26-lab2c-iamshauryag...
2026-01-15 08:18:04,702 - DEBUG -   [Dry Run] PUT https://api.github.com/repos/klefstad-teaching/cs141-w26-lab2c-iamshauryag/collaborators/andrewwsou with permission"pull"
2026-01-15 08:18:04,702 - DEBUG - Inviting andrewwsou to klefstad-teaching/cs141-w26-lab2c-ImRayyaan...
2026-01-15 08:18:04,702 - DEBUG -   [Dry Run] PUT https://api.github.com/repos/klefstad-teaching/cs141-w26-lab2c-ImRayyaan/collaborators/andrewwsou with permission"pull"
2026-01-15 08:18:04,702 - DEBUG - Inviting Karbite to klefstad-teaching/cs141-w26-lab2a-PNZ-z...
2026-01-15 08:18:04,702 - DEBUG -   [Dry Run] PUT https://api.github.com/repos/klefstad-teaching/cs141-w26-lab2a-PNZ-z/collaborators/Karbite with permission"pull"
2026-01-15 08:18:04,702 - DEBUG - Inviting Karbite to klefstad-teaching/cs141-w26-lab2a-laggycomputer...
2026-01-15 08:18:04,702 - DEBUG -   [Dry Run] PUT https://api.github.com/repos/klefstad-teaching/cs141-w26-lab2a-laggycomputer/collaborators/Karbite with permission"pull"
2026-01-15 08:18:04,702 - DEBUG - Inviting lenat05 to klefstad-teaching/cs141-w26-lab2a-esivorap...
2026-01-15 08:18:04,702 - DEBUG -   [Dry Run] PUT https://api.github.com/repos/klefstad-teaching/cs141-w26-lab2a-esivorap/collaborators/lenat05 with permission"pull"
2026-01-15 08:18:04,703 - DEBUG - Inviting lenat05 to klefstad-teaching/cs141-w26-lab2c-Ewuman...
2026-01-15 08:18:04,703 - DEBUG -   [Dry Run] PUT https://api.github.com/repos/klefstad-teaching/cs141-w26-lab2c-Ewuman/collaborators/lenat05 with permission"pull"
2026-01-15 08:18:04,703 - DEBUG - Inviting echennau to klefstad-teaching/cs141-w26-lab2a-Tiffannyy...
2026-01-15 08:18:04,703 - DEBUG -   [Dry Run] PUT https://api.github.com/repos/klefstad-teaching/cs141-w26-lab2a-Tiffannyy/collaborators/echennau with permission"pull"
2026-01-15 08:18:04,703 - DEBUG - Inviting echennau to klefstad-teaching/cs141-w26-lab2a-nxphan-uci...
2026-01-15 08:18:04,703 - DEBUG -   [Dry Run] PUT https://api.github.com/repos/klefstad-teaching/cs141-w26-lab2a-nxphan-uci/collaborators/echennau with permission"pull"
2026-01-15 08:18:04,703 - DEBUG - Inviting ninal11 to klefstad-teaching/cs141-w26-lab2a-Jajavon...
2026-01-15 08:18:04,703 - DEBUG -   [Dry Run] PUT https://api.github.com/repos/klefstad-teaching/cs141-w26-lab2a-Jajavon/collaborators/ninal11 with permission"pull"
2026-01-15 08:18:04,703 - DEBUG - Inviting ninal11 to klefstad-teaching/cs141-w26-lab2c-jaack4...
2026-01-15 08:18:04,703 - DEBUG -   [Dry Run] PUT https://api.github.com/repos/klefstad-teaching/cs141-w26-lab2c-jaack4/collaborators/ninal11 with permission"pull"
2026-01-15 08:18:04,703 - DEBUG - Inviting twleochao to klefstad-teaching/cs141-w26-lab2a-AnviM1...
2026-01-15 08:18:04,703 - DEBUG -   [Dry Run] PUT https://api.github.com/repos/klefstad-teaching/cs141-w26-lab2a-AnviM1/collaborators/twleochao with permission"pull"
2026-01-15 08:18:04,703 - DEBUG - Inviting twleochao to klefstad-teaching/cs141-w26-lab2c-maburto19...
2026-01-15 08:18:04,703 - DEBUG -   [Dry Run] PUT https://api.github.com/repos/klefstad-teaching/cs141-w26-lab2c-maburto19/collaborators/twleochao with permission"pull"
2026-01-15 08:18:04,703 - DEBUG - Inviting achakka24 to klefstad-teaching/cs141-w26-lab2c-jiyu02...
2026-01-15 08:18:04,703 - DEBUG -   [Dry Run] PUT https://api.github.com/repos/klefstad-teaching/cs141-w26-lab2c-jiyu02/collaborators/achakka24 with permission"pull"
2026-01-15 08:18:04,703 - DEBUG - Inviting achakka24 to klefstad-teaching/cs141-w26-lab2a-hivgundamss...
2026-01-15 08:18:04,703 - DEBUG -   [Dry Run] PUT https://api.github.com/repos/klefstad-teaching/cs141-w26-lab2a-hivgundamss/collaborators/achakka24 with permission"pull"
2026-01-15 08:18:04,703 - DEBUG - Inviting sahirss to klefstad-teaching/cs141-w26-lab2c-sahirsh...
2026-01-15 08:18:04,703 - DEBUG -   [Dry Run] PUT https://api.github.com/repos/klefstad-teaching/cs141-w26-lab2c-sahirsh/collaborators/sahirss with permission"pull"
2026-01-15 08:18:04,703 - DEBUG - Inviting sahirss to klefstad-teaching/cs141-w26-lab2c-Benny237...
2026-01-15 08:18:04,703 - DEBUG -   [Dry Run] PUT https://api.github.com/repos/klefstad-teaching/cs141-w26-lab2c-Benny237/collaborators/sahirss with permission"pull"
2026-01-15 08:18:04,703 - DEBUG - Inviting avanaaap to klefstad-teaching/cs141-w26-lab2a-KayleTruong...
2026-01-15 08:18:04,703 - DEBUG -   [Dry Run] PUT https://api.github.com/repos/klefstad-teaching/cs141-w26-lab2a-KayleTruong/collaborators/avanaaap with permission"pull"
2026-01-15 08:18:04,703 - DEBUG - Inviting avanaaap to klefstad-teaching/cs141-w26-lab2c-chriscc5...
2026-01-15 08:18:04,703 - DEBUG -   [Dry Run] PUT https://api.github.com/repos/klefstad-teaching/cs141-w26-lab2c-chriscc5/collaborators/avanaaap with permission"pull"
2026-01-15 08:18:04,703 - DEBUG - Inviting itsmandrew to klefstad-teaching/cs141-w26-lab2c-wendiiiiii...
2026-01-15 08:18:04,703 - DEBUG -   [Dry Run] PUT https://api.github.com/repos/klefstad-teaching/cs141-w26-lab2c-wendiiiiii/collaborators/itsmandrew with permission"pull"
2026-01-15 08:18:04,703 - DEBUG - Inviting itsmandrew to klefstad-teaching/cs141-w26-lab2c-jaack4...
2026-01-15 08:18:04,703 - DEBUG -   [Dry Run] PUT https://api.github.com/repos/klefstad-teaching/cs141-w26-lab2c-jaack4/collaborators/itsmandrew with permission"pull"
2026-01-15 08:18:04,703 - DEBUG - Inviting christinne-n to klefstad-teaching/cs141-w26-lab2c-supanice-uci...
2026-01-15 08:18:04,703 - DEBUG -   [Dry Run] PUT https://api.github.com/repos/klefstad-teaching/cs141-w26-lab2c-supanice-uci/collaborators/christinne-n with permission"pull"
2026-01-15 08:18:04,703 - DEBUG - Inviting christinne-n to klefstad-teaching/cs141-w26-lab2c-ganeevsinghs...
2026-01-15 08:18:04,703 - DEBUG -   [Dry Run] PUT https://api.github.com/repos/klefstad-teaching/cs141-w26-lab2c-ganeevsinghs/collaborators/christinne-n with permission"pull"
2026-01-15 08:18:04,703 - DEBUG - Inviting Wheeledparasite to klefstad-teaching/cs141-w26-lab2c-eshahrestany...
2026-01-15 08:18:04,703 - DEBUG -   [Dry Run] PUT https://api.github.com/repos/klefstad-teaching/cs141-w26-lab2c-eshahrestany/collaborators/Wheeledparasite with permission"pull"
2026-01-15 08:18:04,703 - DEBUG - Inviting Wheeledparasite to klefstad-teaching/cs141-w26-lab2a-hivgundamss...
2026-01-15 08:18:04,703 - DEBUG -   [Dry Run] PUT https://api.github.com/repos/klefstad-teaching/cs141-w26-lab2a-hivgundamss/collaborators/Wheeledparasite with permission"pull"
2026-01-15 08:18:04,703 - DEBUG - Inviting edenradulescu to klefstad-teaching/cs141-w26-lab2c-duyaj...
2026-01-15 08:18:04,703 - DEBUG -   [Dry Run] PUT https://api.github.com/repos/klefstad-teaching/cs141-w26-lab2c-duyaj/collaborators/edenradulescu with permission"pull"
2026-01-15 08:18:04,703 - DEBUG - Inviting edenradulescu to klefstad-teaching/cs141-w26-lab2a-pjtsearch...
2026-01-15 08:18:04,703 - DEBUG -   [Dry Run] PUT https://api.github.com/repos/klefstad-teaching/cs141-w26-lab2a-pjtsearch/collaborators/edenradulescu with permission"pull"
2026-01-15 08:18:04,703 - DEBUG - Inviting zhcaury2 to klefstad-teaching/cs141-w26-lab2c-Frank808-Git...
2026-01-15 08:18:04,703 - DEBUG -   [Dry Run] PUT https://api.github.com/repos/klefstad-teaching/cs141-w26-lab2c-Frank808-Git/collaborators/zhcaury2 with permission"pull"
2026-01-15 08:18:04,703 - DEBUG - Inviting zhcaury2 to klefstad-teaching/cs141-w26-lab2c-Jinseyam...
2026-01-15 08:18:04,703 - DEBUG -   [Dry Run] PUT https://api.github.com/repos/klefstad-teaching/cs141-w26-lab2c-Jinseyam/collaborators/zhcaury2 with permission"pull"
2026-01-15 08:18:04,703 - DEBUG - Inviting alexpetro47 to klefstad-teaching/cs141-w26-lab2a-Dhivyno...
2026-01-15 08:18:04,703 - DEBUG -   [Dry Run] PUT https://api.github.com/repos/klefstad-teaching/cs141-w26-lab2a-Dhivyno/collaborators/alexpetro47 with permission"pull"
2026-01-15 08:18:04,703 - DEBUG - Inviting alexpetro47 to klefstad-teaching/cs141-w26-lab2c-dsilluci...
2026-01-15 08:18:04,703 - DEBUG -   [Dry Run] PUT https://api.github.com/repos/klefstad-teaching/cs141-w26-lab2c-dsilluci/collaborators/alexpetro47 with permission"pull"
2026-01-15 08:18:04,703 - DEBUG - Inviting BrittenEtchison to klefstad-teaching/cs141-w26-lab2c-MNUQUI...
2026-01-15 08:18:04,703 - DEBUG -   [Dry Run] PUT https://api.github.com/repos/klefstad-teaching/cs141-w26-lab2c-MNUQUI/collaborators/BrittenEtchison with permission"pull"
2026-01-15 08:18:04,703 - DEBUG - Inviting BrittenEtchison to klefstad-teaching/cs141-w26-lab2a-emiliolim...
2026-01-15 08:18:04,703 - DEBUG -   [Dry Run] PUT https://api.github.com/repos/klefstad-teaching/cs141-w26-lab2a-emiliolim/collaborators/BrittenEtchison with permission"pull"
2026-01-15 08:18:04,703 - DEBUG - Inviting joolenn to klefstad-teaching/cs141-w26-lab2c-Ewuman...
2026-01-15 08:18:04,703 - DEBUG -   [Dry Run] PUT https://api.github.com/repos/klefstad-teaching/cs141-w26-lab2c-Ewuman/collaborators/joolenn with permission"pull"
2026-01-15 08:18:04,703 - DEBUG - Inviting joolenn to klefstad-teaching/cs141-w26-lab2c-willm326...
2026-01-15 08:18:04,703 - DEBUG -   [Dry Run] PUT https://api.github.com/repos/klefstad-teaching/cs141-w26-lab2c-willm326/collaborators/joolenn with permission"pull"
2026-01-15 08:18:04,703 - DEBUG - Inviting AllyBeary to klefstad-teaching/cs141-w26-lab2c-1JunHuang...
2026-01-15 08:18:04,703 - DEBUG -   [Dry Run] PUT https://api.github.com/repos/klefstad-teaching/cs141-w26-lab2c-1JunHuang/collaborators/AllyBeary with permission"pull"
2026-01-15 08:18:04,703 - DEBUG - Inviting AllyBeary to klefstad-teaching/cs141-w26-lab2c-jjdonckels...
2026-01-15 08:18:04,703 - DEBUG -   [Dry Run] PUT https://api.github.com/repos/klefstad-teaching/cs141-w26-lab2c-jjdonckels/collaborators/AllyBeary with permission"pull"
2026-01-15 08:18:04,703 - DEBUG - Inviting Epic-Mushroom to klefstad-teaching/cs141-w26-lab2c-CHAdinna...
2026-01-15 08:18:04,703 - DEBUG -   [Dry Run] PUT https://api.github.com/repos/klefstad-teaching/cs141-w26-lab2c-CHAdinna/collaborators/Epic-Mushroom with permission"pull"
2026-01-15 08:18:04,703 - DEBUG - Inviting Epic-Mushroom to klefstad-teaching/cs141-w26-lab2c-DylanVuong3...
2026-01-15 08:18:04,703 - DEBUG -   [Dry Run] PUT https://api.github.com/repos/klefstad-teaching/cs141-w26-lab2c-DylanVuong3/collaborators/Epic-Mushroom with permission"pull"
2026-01-15 08:18:04,703 - DEBUG - Inviting LentKe to klefstad-teaching/cs141-w26-lab2c-NotJonny1...
2026-01-15 08:18:04,703 - DEBUG -   [Dry Run] PUT https://api.github.com/repos/klefstad-teaching/cs141-w26-lab2c-NotJonny1/collaborators/LentKe with permission"pull"
2026-01-15 08:18:04,703 - DEBUG - Inviting LentKe to klefstad-teaching/cs141-w26-lab2c-charlesyeh-1103...
2026-01-15 08:18:04,703 - DEBUG -   [Dry Run] PUT https://api.github.com/repos/klefstad-teaching/cs141-w26-lab2c-charlesyeh-1103/collaborators/LentKe with permission"pull"
2026-01-15 08:18:04,703 - DEBUG - Inviting bqtquach to klefstad-teaching/cs141-w26-lab2c-jy8liu...
2026-01-15 08:18:04,703 - DEBUG -   [Dry Run] PUT https://api.github.com/repos/klefstad-teaching/cs141-w26-lab2c-jy8liu/collaborators/bqtquach with permission"pull"
2026-01-15 08:18:04,703 - DEBUG - Inviting bqtquach to klefstad-teaching/cs141-w26-lab2a-AndrewShim0428...
2026-01-15 08:18:04,703 - DEBUG -   [Dry Run] PUT https://api.github.com/repos/klefstad-teaching/cs141-w26-lab2a-AndrewShim0428/collaborators/bqtquach with permission"pull"
2026-01-15 08:18:04,703 - DEBUG - Inviting Kraufdeen to klefstad-teaching/cs141-w26-lab2a-6LEON8...
2026-01-15 08:18:04,703 - DEBUG -   [Dry Run] PUT https://api.github.com/repos/klefstad-teaching/cs141-w26-lab2a-6LEON8/collaborators/Kraufdeen with permission"pull"
2026-01-15 08:18:04,703 - DEBUG - Inviting Kraufdeen to klefstad-teaching/cs141-w26-lab2c-JimmyZzz30...
2026-01-15 08:18:04,703 - DEBUG -   [Dry Run] PUT https://api.github.com/repos/klefstad-teaching/cs141-w26-lab2c-JimmyZzz30/collaborators/Kraufdeen with permission"pull"
2026-01-15 08:18:04,703 - DEBUG - Inviting nkimogpig to klefstad-teaching/cs141-w26-lab2c-gymPotato-1...
2026-01-15 08:18:04,703 - DEBUG -   [Dry Run] PUT https://api.github.com/repos/klefstad-teaching/cs141-w26-lab2c-gymPotato-1/collaborators/nkimogpig with permission"pull"
2026-01-15 08:18:04,703 - DEBUG - Inviting nkimogpig to klefstad-teaching/cs141-w26-lab2c-Neilk1021...
2026-01-15 08:18:04,703 - DEBUG -   [Dry Run] PUT https://api.github.com/repos/klefstad-teaching/cs141-w26-lab2c-Neilk1021/collaborators/nkimogpig with permission"pull"
2026-01-15 08:18:04,703 - DEBUG - Inviting GreasySponge to klefstad-teaching/cs141-w26-lab2a-BradyCason...
2026-01-15 08:18:04,703 - DEBUG -   [Dry Run] PUT https://api.github.com/repos/klefstad-teaching/cs141-w26-lab2a-BradyCason/collaborators/GreasySponge with permission"pull"
2026-01-15 08:18:04,703 - DEBUG - Inviting GreasySponge to klefstad-teaching/cs141-w26-lab2c-mjliu5...
2026-01-15 08:18:04,703 - DEBUG -   [Dry Run] PUT https://api.github.com/repos/klefstad-teaching/cs141-w26-lab2c-mjliu5/collaborators/GreasySponge with permission"pull"
2026-01-15 08:18:04,703 - DEBUG - Inviting dragonkeon to klefstad-teaching/cs141-w26-lab2c-yeqiw1...
2026-01-15 08:18:04,703 - DEBUG -   [Dry Run] PUT https://api.github.com/repos/klefstad-teaching/cs141-w26-lab2c-yeqiw1/collaborators/dragonkeon with permission"pull"
2026-01-15 08:18:04,703 - DEBUG - Inviting dragonkeon to klefstad-teaching/cs141-w26-lab2a-Atif-Ahmad...
2026-01-15 08:18:04,703 - DEBUG -   [Dry Run] PUT https://api.github.com/repos/klefstad-teaching/cs141-w26-lab2a-Atif-Ahmad/collaborators/dragonkeon with permission"pull"
2026-01-15 08:18:04,703 - DEBUG - Inviting AidenFavish to klefstad-teaching/cs141-w26-lab2c-rheajethvani...
2026-01-15 08:18:04,703 - DEBUG -   [Dry Run] PUT https://api.github.com/repos/klefstad-teaching/cs141-w26-lab2c-rheajethvani/collaborators/AidenFavish with permission"pull"
2026-01-15 08:18:04,703 - DEBUG - Inviting AidenFavish to klefstad-teaching/cs141-w26-lab2c-EpicToastTM...
2026-01-15 08:18:04,703 - DEBUG -   [Dry Run] PUT https://api.github.com/repos/klefstad-teaching/cs141-w26-lab2c-EpicToastTM/collaborators/AidenFavish with permission"pull"
2026-01-15 08:18:04,703 - DEBUG - Inviting timkim0106 to klefstad-teaching/cs141-w26-lab2c-xsjsgfdysd...
2026-01-15 08:18:04,703 - DEBUG -   [Dry Run] PUT https://api.github.com/repos/klefstad-teaching/cs141-w26-lab2c-xsjsgfdysd/collaborators/timkim0106 with permission"pull"
2026-01-15 08:18:04,703 - DEBUG - Inviting timkim0106 to klefstad-teaching/cs141-w26-lab2a-PNZ-z...
2026-01-15 08:18:04,703 - DEBUG -   [Dry Run] PUT https://api.github.com/repos/klefstad-teaching/cs141-w26-lab2a-PNZ-z/collaborators/timkim0106 with permission"pull"
2026-01-15 08:18:04,703 - DEBUG - Inviting rykubota to klefstad-teaching/cs141-w26-lab2c-LittleLion930...
2026-01-15 08:18:04,703 - DEBUG -   [Dry Run] PUT https://api.github.com/repos/klefstad-teaching/cs141-w26-lab2c-LittleLion930/collaborators/rykubota with permission"pull"
2026-01-15 08:18:04,703 - DEBUG - Inviting rykubota to klefstad-teaching/cs141-w26-lab2c-wdrobish...
2026-01-15 08:18:04,703 - DEBUG -   [Dry Run] PUT https://api.github.com/repos/klefstad-teaching/cs141-w26-lab2c-wdrobish/collaborators/rykubota with permission"pull"
2026-01-15 08:18:04,703 - DEBUG - Inviting CyanAnteater to klefstad-teaching/cs141-w26-lab2c-ArchieSeh...
2026-01-15 08:18:04,703 - DEBUG -   [Dry Run] PUT https://api.github.com/repos/klefstad-teaching/cs141-w26-lab2c-ArchieSeh/collaborators/CyanAnteater with permission"pull"
2026-01-15 08:18:04,703 - DEBUG - Inviting CyanAnteater to klefstad-teaching/cs141-w26-lab2a-liuftuci...
2026-01-15 08:18:04,703 - DEBUG -   [Dry Run] PUT https://api.github.com/repos/klefstad-teaching/cs141-w26-lab2a-liuftuci/collaborators/CyanAnteater with permission"pull"
2026-01-15 08:18:04,703 - DEBUG - Inviting x1d1 to klefstad-teaching/cs141-w26-lab2c-nctam2...
2026-01-15 08:18:04,703 - DEBUG -   [Dry Run] PUT https://api.github.com/repos/klefstad-teaching/cs141-w26-lab2c-nctam2/collaborators/x1d1 with permission"pull"
2026-01-15 08:18:04,703 - DEBUG - Inviting x1d1 to klefstad-teaching/cs141-w26-lab2c-kevinh-a...
2026-01-15 08:18:04,703 - DEBUG -   [Dry Run] PUT https://api.github.com/repos/klefstad-teaching/cs141-w26-lab2c-kevinh-a/collaborators/x1d1 with permission"pull"
2026-01-15 08:18:04,703 - DEBUG - Inviting fruitsaladyumyum to klefstad-teaching/cs141-w26-lab2a-cessar3...
2026-01-15 08:18:04,703 - DEBUG -   [Dry Run] PUT https://api.github.com/repos/klefstad-teaching/cs141-w26-lab2a-cessar3/collaborators/fruitsaladyumyum with permission"pull"
2026-01-15 08:18:04,703 - DEBUG - Inviting fruitsaladyumyum to klefstad-teaching/cs141-w26-lab2c-PartiNoone...
2026-01-15 08:18:04,703 - DEBUG -   [Dry Run] PUT https://api.github.com/repos/klefstad-teaching/cs141-w26-lab2c-PartiNoone/collaborators/fruitsaladyumyum with permission"pull"
2026-01-15 08:18:04,703 - DEBUG - Inviting manihomafar to klefstad-teaching/cs141-w26-lab2c-AshGasparyanCS...
2026-01-15 08:18:04,703 - DEBUG -   [Dry Run] PUT https://api.github.com/repos/klefstad-teaching/cs141-w26-lab2c-AshGasparyanCS/collaborators/manihomafar with permission"pull"
2026-01-15 08:18:04,703 - DEBUG - Inviting manihomafar to klefstad-teaching/cs141-w26-lab2c-AntonioCuan...
2026-01-15 08:18:04,703 - DEBUG -   [Dry Run] PUT https://api.github.com/repos/klefstad-teaching/cs141-w26-lab2c-AntonioCuan/collaborators/manihomafar with permission"pull"
2026-01-15 08:18:04,703 - DEBUG - Inviting yilis15 to klefstad-teaching/cs141-w26-lab2a-laurajacint0...
2026-01-15 08:18:04,703 - DEBUG -   [Dry Run] PUT https://api.github.com/repos/klefstad-teaching/cs141-w26-lab2a-laurajacint0/collaborators/yilis15 with permission"pull"
2026-01-15 08:18:04,703 - DEBUG - Inviting yilis15 to klefstad-teaching/cs141-w26-lab2c-vmrenter-code...
2026-01-15 08:18:04,703 - DEBUG -   [Dry Run] PUT https://api.github.com/repos/klefstad-teaching/cs141-w26-lab2c-vmrenter-code/collaborators/yilis15 with permission"pull"
2026-01-15 08:18:04,703 - DEBUG - Inviting sradisay to klefstad-teaching/cs141-w26-lab2c-EatKFCinMc...
2026-01-15 08:18:04,703 - DEBUG -   [Dry Run] PUT https://api.github.com/repos/klefstad-teaching/cs141-w26-lab2c-EatKFCinMc/collaborators/sradisay with permission"pull"
2026-01-15 08:18:04,703 - DEBUG - Inviting sradisay to klefstad-teaching/cs141-w26-lab2a-laggycomputer...
2026-01-15 08:18:04,703 - DEBUG -   [Dry Run] PUT https://api.github.com/repos/klefstad-teaching/cs141-w26-lab2a-laggycomputer/collaborators/sradisay with permission"pull"
2026-01-15 08:18:04,703 - DEBUG - Inviting noraessam to klefstad-teaching/cs141-w26-lab2c-seungl25...
2026-01-15 08:18:04,703 - DEBUG -   [Dry Run] PUT https://api.github.com/repos/klefstad-teaching/cs141-w26-lab2c-seungl25/collaborators/noraessam with permission"pull"
2026-01-15 08:18:04,703 - DEBUG - Inviting noraessam to klefstad-teaching/cs141-w26-lab2a-HarryS561...
2026-01-15 08:18:04,703 - DEBUG -   [Dry Run] PUT https://api.github.com/repos/klefstad-teaching/cs141-w26-lab2a-HarryS561/collaborators/noraessam with permission"pull"
2026-01-15 08:18:04,703 - DEBUG - Inviting heechy33 to klefstad-teaching/cs141-w26-lab2c-maburto19...
2026-01-15 08:18:04,703 - DEBUG -   [Dry Run] PUT https://api.github.com/repos/klefstad-teaching/cs141-w26-lab2c-maburto19/collaborators/heechy33 with permission"pull"
2026-01-15 08:18:04,703 - DEBUG - Inviting heechy33 to klefstad-teaching/cs141-w26-lab2a-mtranfie...
2026-01-15 08:18:04,703 - DEBUG -   [Dry Run] PUT https://api.github.com/repos/klefstad-teaching/cs141-w26-lab2a-mtranfie/collaborators/heechy33 with permission"pull"
2026-01-15 08:18:04,703 - DEBUG - Inviting TJHomeworkHub to klefstad-teaching/cs141-w26-lab2a-QuocTrinh-hub...
2026-01-15 08:18:04,703 - DEBUG -   [Dry Run] PUT https://api.github.com/repos/klefstad-teaching/cs141-w26-lab2a-QuocTrinh-hub/collaborators/TJHomeworkHub with permission"pull"
2026-01-15 08:18:04,703 - DEBUG - Inviting TJHomeworkHub to klefstad-teaching/cs141-w26-lab2a-JustinLi212...
2026-01-15 08:18:04,703 - DEBUG -   [Dry Run] PUT https://api.github.com/repos/klefstad-teaching/cs141-w26-lab2a-JustinLi212/collaborators/TJHomeworkHub with permission"pull"
2026-01-15 08:18:04,703 - DEBUG - Inviting triminhta1207 to klefstad-teaching/cs141-w26-lab2c-rsljhns...
2026-01-15 08:18:04,703 - DEBUG -   [Dry Run] PUT https://api.github.com/repos/klefstad-teaching/cs141-w26-lab2c-rsljhns/collaborators/triminhta1207 with permission"pull"
2026-01-15 08:18:04,703 - DEBUG - Inviting triminhta1207 to klefstad-teaching/cs141-w26-lab2a-charcod-jpg...
2026-01-15 08:18:04,703 - DEBUG -   [Dry Run] PUT https://api.github.com/repos/klefstad-teaching/cs141-w26-lab2a-charcod-jpg/collaborators/triminhta1207 with permission"pull"
2026-01-15 08:18:04,703 - DEBUG - Inviting brandog2039 to klefstad-teaching/cs141-w26-lab2c-ZhouhengTao...
2026-01-15 08:18:04,703 - DEBUG -   [Dry Run] PUT https://api.github.com/repos/klefstad-teaching/cs141-w26-lab2c-ZhouhengTao/collaborators/brandog2039 with permission"pull"
2026-01-15 08:18:04,703 - DEBUG - Inviting brandog2039 to klefstad-teaching/cs141-w26-lab2c-arjunk76...
2026-01-15 08:18:04,703 - DEBUG -   [Dry Run] PUT https://api.github.com/repos/klefstad-teaching/cs141-w26-lab2c-arjunk76/collaborators/brandog2039 with permission"pull"
2026-01-15 08:18:04,703 - DEBUG - Inviting alemg2004 to klefstad-teaching/cs141-w26-lab2c-ethnvo...
2026-01-15 08:18:04,703 - DEBUG -   [Dry Run] PUT https://api.github.com/repos/klefstad-teaching/cs141-w26-lab2c-ethnvo/collaborators/alemg2004 with permission"pull"
2026-01-15 08:18:04,703 - DEBUG - Inviting alemg2004 to klefstad-teaching/cs141-w26-lab2a-clairdelunesolace...
2026-01-15 08:18:04,703 - DEBUG -   [Dry Run] PUT https://api.github.com/repos/klefstad-teaching/cs141-w26-lab2a-clairdelunesolace/collaborators/alemg2004 with permission"pull"
2026-01-15 08:18:04,703 - DEBUG - Inviting winstonjgiang to klefstad-teaching/cs141-w26-lab2c-thomasn05...
2026-01-15 08:18:04,703 - DEBUG -   [Dry Run] PUT https://api.github.com/repos/klefstad-teaching/cs141-w26-lab2c-thomasn05/collaborators/winstonjgiang with permission"pull"
2026-01-15 08:18:04,703 - DEBUG - Inviting winstonjgiang to klefstad-teaching/cs141-w26-lab2a-JordanPham2002...
2026-01-15 08:18:04,703 - DEBUG -   [Dry Run] PUT https://api.github.com/repos/klefstad-teaching/cs141-w26-lab2a-JordanPham2002/collaborators/winstonjgiang with permission"pull"
2026-01-15 08:18:04,703 - DEBUG - Inviting maburto19 to klefstad-teaching/cs141-w26-lab2b-jasonbm2...
2026-01-15 08:18:04,703 - DEBUG -   [Dry Run] PUT https://api.github.com/repos/klefstad-teaching/cs141-w26-lab2b-jasonbm2/collaborators/maburto19 with permission"pull"
2026-01-15 08:18:04,703 - DEBUG - Inviting maburto19 to klefstad-teaching/cs141-w26-lab2b-AidenFavish...
2026-01-15 08:18:04,703 - DEBUG -   [Dry Run] PUT https://api.github.com/repos/klefstad-teaching/cs141-w26-lab2b-AidenFavish/collaborators/maburto19 with permission"pull"
2026-01-15 08:18:04,703 - DEBUG - Inviting ganeevsinghs to klefstad-teaching/cs141-w26-lab2b-dragonkeon...
2026-01-15 08:18:04,703 - DEBUG -   [Dry Run] PUT https://api.github.com/repos/klefstad-teaching/cs141-w26-lab2b-dragonkeon/collaborators/ganeevsinghs with permission"pull"
2026-01-15 08:18:04,703 - DEBUG - Inviting ganeevsinghs to klefstad-teaching/cs141-w26-lab2b-oglantz...
2026-01-15 08:18:04,703 - DEBUG -   [Dry Run] PUT https://api.github.com/repos/klefstad-teaching/cs141-w26-lab2b-oglantz/collaborators/ganeevsinghs with permission"pull"
2026-01-15 08:18:04,703 - DEBUG - Inviting PartiNoone to klefstad-teaching/cs141-w26-lab2b-TJHomeworkHub...
2026-01-15 08:18:04,703 - DEBUG -   [Dry Run] PUT https://api.github.com/repos/klefstad-teaching/cs141-w26-lab2b-TJHomeworkHub/collaborators/PartiNoone with permission"pull"
2026-01-15 08:18:04,703 - DEBUG - Inviting PartiNoone to klefstad-teaching/cs141-w26-lab2b-Karbite...
2026-01-15 08:18:04,703 - DEBUG -   [Dry Run] PUT https://api.github.com/repos/klefstad-teaching/cs141-w26-lab2b-Karbite/collaborators/PartiNoone with permission"pull"
2026-01-15 08:18:04,703 - DEBUG - Inviting kevinh-a to klefstad-teaching/cs141-w26-lab2b-BrittenEtchison...
2026-01-15 08:18:04,703 - DEBUG -   [Dry Run] PUT https://api.github.com/repos/klefstad-teaching/cs141-w26-lab2b-BrittenEtchison/collaborators/kevinh-a with permission"pull"
2026-01-15 08:18:04,703 - DEBUG - Inviting kevinh-a to klefstad-teaching/cs141-w26-lab2b-christianacho...
2026-01-15 08:18:04,703 - DEBUG -   [Dry Run] PUT https://api.github.com/repos/klefstad-teaching/cs141-w26-lab2b-christianacho/collaborators/kevinh-a with permission"pull"
2026-01-15 08:18:04,703 - DEBUG - Inviting DylanVuong3 to klefstad-teaching/cs141-w26-lab2b-sehop1-source...
2026-01-15 08:18:04,703 - DEBUG -   [Dry Run] PUT https://api.github.com/repos/klefstad-teaching/cs141-w26-lab2b-sehop1-source/collaborators/DylanVuong3 with permission"pull"
2026-01-15 08:18:04,703 - DEBUG - Inviting DylanVuong3 to klefstad-teaching/cs141-w26-lab2b-nkimogpig...
2026-01-15 08:18:04,703 - DEBUG -   [Dry Run] PUT https://api.github.com/repos/klefstad-teaching/cs141-w26-lab2b-nkimogpig/collaborators/DylanVuong3 with permission"pull"
2026-01-15 08:18:04,703 - DEBUG - Inviting nctam2 to klefstad-teaching/cs141-w26-lab2b-alemg2004...
2026-01-15 08:18:04,703 - DEBUG -   [Dry Run] PUT https://api.github.com/repos/klefstad-teaching/cs141-w26-lab2b-alemg2004/collaborators/nctam2 with permission"pull"
2026-01-15 08:18:04,703 - DEBUG - Inviting nctam2 to klefstad-teaching/cs141-w26-lab2b-timkim0106...
2026-01-15 08:18:04,703 - DEBUG -   [Dry Run] PUT https://api.github.com/repos/klefstad-teaching/cs141-w26-lab2b-timkim0106/collaborators/nctam2 with permission"pull"
2026-01-15 08:18:04,703 - DEBUG - Inviting EatKFCinMc to klefstad-teaching/cs141-w26-lab2b-sradisay...
2026-01-15 08:18:04,703 - DEBUG -   [Dry Run] PUT https://api.github.com/repos/klefstad-teaching/cs141-w26-lab2b-sradisay/collaborators/EatKFCinMc with permission"pull"
2026-01-15 08:18:04,703 - DEBUG - Inviting EatKFCinMc to klefstad-teaching/cs141-w26-lab2b-mvttjb...
2026-01-15 08:18:04,703 - DEBUG -   [Dry Run] PUT https://api.github.com/repos/klefstad-teaching/cs141-w26-lab2b-mvttjb/collaborators/EatKFCinMc with permission"pull"
2026-01-15 08:18:04,704 - DEBUG - Inviting Accelerator050717 to klefstad-teaching/cs141-w26-lab2b-Wheeledparasite...
2026-01-15 08:18:04,704 - DEBUG -   [Dry Run] PUT https://api.github.com/repos/klefstad-teaching/cs141-w26-lab2b-Wheeledparasite/collaborators/Accelerator050717 with permission"pull"
2026-01-15 08:18:04,704 - DEBUG - Inviting Accelerator050717 to klefstad-teaching/cs141-w26-lab2b-x1d1...
2026-01-15 08:18:04,704 - DEBUG -   [Dry Run] PUT https://api.github.com/repos/klefstad-teaching/cs141-w26-lab2b-x1d1/collaborators/Accelerator050717 with permission"pull"
2026-01-15 08:18:04,704 - DEBUG - Inviting QNDang to klefstad-teaching/cs141-w26-lab2b-daviddeng0smm...
2026-01-15 08:18:04,704 - DEBUG -   [Dry Run] PUT https://api.github.com/repos/klefstad-teaching/cs141-w26-lab2b-daviddeng0smm/collaborators/QNDang with permission"pull"
2026-01-15 08:18:04,704 - DEBUG - Inviting QNDang to klefstad-teaching/cs141-w26-lab2b-edenradulescu...
2026-01-15 08:18:04,704 - DEBUG -   [Dry Run] PUT https://api.github.com/repos/klefstad-teaching/cs141-w26-lab2b-edenradulescu/collaborators/QNDang with permission"pull"
2026-01-15 08:18:04,704 - DEBUG - Inviting iiBooque to klefstad-teaching/cs141-w26-lab2b-rykubota...
2026-01-15 08:18:04,704 - DEBUG -   [Dry Run] PUT https://api.github.com/repos/klefstad-teaching/cs141-w26-lab2b-rykubota/collaborators/iiBooque with permission"pull"
2026-01-15 08:18:04,704 - DEBUG - Inviting iiBooque to klefstad-teaching/cs141-w26-lab2b-drewreed2005...
2026-01-15 08:18:04,704 - DEBUG -   [Dry Run] PUT https://api.github.com/repos/klefstad-teaching/cs141-w26-lab2b-drewreed2005/collaborators/iiBooque with permission"pull"
2026-01-15 08:18:04,704 - DEBUG - Inviting dsilluci to klefstad-teaching/cs141-w26-lab2b-Kraufdeen...
2026-01-15 08:18:04,704 - DEBUG -   [Dry Run] PUT https://api.github.com/repos/klefstad-teaching/cs141-w26-lab2b-Kraufdeen/collaborators/dsilluci with permission"pull"
2026-01-15 08:18:04,704 - DEBUG - Inviting dsilluci to klefstad-teaching/cs141-w26-lab2b-ryanrT27...
2026-01-15 08:18:04,704 - DEBUG -   [Dry Run] PUT https://api.github.com/repos/klefstad-teaching/cs141-w26-lab2b-ryanrT27/collaborators/dsilluci with permission"pull"
2026-01-15 08:18:04,704 - DEBUG - Inviting LittleLion930 to klefstad-teaching/cs141-w26-lab2b-elizabethmwatkins...
2026-01-15 08:18:04,704 - DEBUG -   [Dry Run] PUT https://api.github.com/repos/klefstad-teaching/cs141-w26-lab2b-elizabethmwatkins/collaborators/LittleLion930 with permission"pull"
2026-01-15 08:18:04,704 - DEBUG - Inviting LittleLion930 to klefstad-teaching/cs141-w26-lab2b-manihomafar...
2026-01-15 08:18:04,704 - DEBUG -   [Dry Run] PUT https://api.github.com/repos/klefstad-teaching/cs141-w26-lab2b-manihomafar/collaborators/LittleLion930 with permission"pull"
2026-01-15 08:18:04,704 - DEBUG - Inviting EpicToastTM to klefstad-teaching/cs141-w26-lab2b-Alexander-Tu2...
2026-01-15 08:18:04,704 - DEBUG -   [Dry Run] PUT https://api.github.com/repos/klefstad-teaching/cs141-w26-lab2b-Alexander-Tu2/collaborators/EpicToastTM with permission"pull"
2026-01-15 08:18:04,704 - DEBUG - Inviting EpicToastTM to klefstad-teaching/cs141-w26-lab2b-echennau...
2026-01-15 08:18:04,704 - DEBUG -   [Dry Run] PUT https://api.github.com/repos/klefstad-teaching/cs141-w26-lab2b-echennau/collaborators/EpicToastTM with permission"pull"
2026-01-15 08:18:04,704 - DEBUG - Inviting Mr-Merp to klefstad-teaching/cs141-w26-lab2b-noraessam...
2026-01-15 08:18:04,704 - DEBUG -   [Dry Run] PUT https://api.github.com/repos/klefstad-teaching/cs141-w26-lab2b-noraessam/collaborators/Mr-Merp with permission"pull"
2026-01-15 08:18:04,704 - DEBUG - Inviting Mr-Merp to klefstad-teaching/cs141-w26-lab2b-jifanf1...
2026-01-15 08:18:04,704 - DEBUG -   [Dry Run] PUT https://api.github.com/repos/klefstad-teaching/cs141-w26-lab2b-jifanf1/collaborators/Mr-Merp with permission"pull"
2026-01-15 08:18:04,704 - DEBUG - Inviting ZhouhengTao to klefstad-teaching/cs141-w26-lab2b-winstonjgiang...
2026-01-15 08:18:04,704 - DEBUG -   [Dry Run] PUT https://api.github.com/repos/klefstad-teaching/cs141-w26-lab2b-winstonjgiang/collaborators/ZhouhengTao with permission"pull"
2026-01-15 08:18:04,704 - DEBUG - Inviting ZhouhengTao to klefstad-teaching/cs141-w26-lab2b-alexpetro47...
2026-01-15 08:18:04,704 - DEBUG -   [Dry Run] PUT https://api.github.com/repos/klefstad-teaching/cs141-w26-lab2b-alexpetro47/collaborators/ZhouhengTao with permission"pull"
2026-01-15 08:18:04,704 - DEBUG - Inviting jaack4 to klefstad-teaching/cs141-w26-lab2b-GreasySponge...
2026-01-15 08:18:04,704 - DEBUG -   [Dry Run] PUT https://api.github.com/repos/klefstad-teaching/cs141-w26-lab2b-GreasySponge/collaborators/jaack4 with permission"pull"
2026-01-15 08:18:04,704 - DEBUG - Inviting jaack4 to klefstad-teaching/cs141-w26-lab2b-yuchuehw...
2026-01-15 08:18:04,704 - DEBUG -   [Dry Run] PUT https://api.github.com/repos/klefstad-teaching/cs141-w26-lab2b-yuchuehw/collaborators/jaack4 with permission"pull"
2026-01-15 08:18:04,704 - DEBUG - Inviting ArchieSeh to klefstad-teaching/cs141-w26-lab2b-twleochao...
2026-01-15 08:18:04,704 - DEBUG -   [Dry Run] PUT https://api.github.com/repos/klefstad-teaching/cs141-w26-lab2b-twleochao/collaborators/ArchieSeh with permission"pull"
2026-01-15 08:18:04,704 - DEBUG - Inviting ArchieSeh to klefstad-teaching/cs141-w26-lab2b-fruitsaladyumyum...
2026-01-15 08:18:04,704 - DEBUG -   [Dry Run] PUT https://api.github.com/repos/klefstad-teaching/cs141-w26-lab2b-fruitsaladyumyum/collaborators/ArchieSeh with permission"pull"
2026-01-15 08:18:04,704 - DEBUG - Inviting wdrobish to klefstad-teaching/cs141-w26-lab2b-ryanrT27...
2026-01-15 08:18:04,704 - DEBUG -   [Dry Run] PUT https://api.github.com/repos/klefstad-teaching/cs141-w26-lab2b-ryanrT27/collaborators/wdrobish with permission"pull"
2026-01-15 08:18:04,704 - DEBUG - Inviting wdrobish to klefstad-teaching/cs141-w26-lab2b-Dpoin23...
2026-01-15 08:18:04,704 - DEBUG -   [Dry Run] PUT https://api.github.com/repos/klefstad-teaching/cs141-w26-lab2b-Dpoin23/collaborators/wdrobish with permission"pull"
2026-01-15 08:18:04,704 - DEBUG - Inviting sahirsh to klefstad-teaching/cs141-w26-lab2a-Nicol-U...
2026-01-15 08:18:04,704 - DEBUG -   [Dry Run] PUT https://api.github.com/repos/klefstad-teaching/cs141-w26-lab2a-Nicol-U/collaborators/sahirsh with permission"pull"
2026-01-15 08:18:04,704 - DEBUG - Inviting sahirsh to klefstad-teaching/cs141-w26-lab2a-Tiffannyy...
2026-01-15 08:18:04,704 - DEBUG -   [Dry Run] PUT https://api.github.com/repos/klefstad-teaching/cs141-w26-lab2a-Tiffannyy/collaborators/sahirsh with permission"pull"
2026-01-15 08:18:04,704 - DEBUG - Inviting myn13 to klefstad-teaching/cs141-w26-lab2b-manihomafar...
2026-01-15 08:18:04,704 - DEBUG -   [Dry Run] PUT https://api.github.com/repos/klefstad-teaching/cs141-w26-lab2b-manihomafar/collaborators/myn13 with permission"pull"
2026-01-15 08:18:04,704 - DEBUG - Inviting myn13 to klefstad-teaching/cs141-w26-lab2b-nkimogpig...
2026-01-15 08:18:04,704 - DEBUG -   [Dry Run] PUT https://api.github.com/repos/klefstad-teaching/cs141-w26-lab2b-nkimogpig/collaborators/myn13 with permission"pull"
2026-01-15 08:18:04,704 - DEBUG - Inviting arjunk76 to klefstad-teaching/cs141-w26-lab2b-joshngn...
2026-01-15 08:18:04,704 - DEBUG -   [Dry Run] PUT https://api.github.com/repos/klefstad-teaching/cs141-w26-lab2b-joshngn/collaborators/arjunk76 with permission"pull"
2026-01-15 08:18:04,704 - DEBUG - Inviting arjunk76 to klefstad-teaching/cs141-w26-lab2b-CyanAnteater...
2026-01-15 08:18:04,704 - DEBUG -   [Dry Run] PUT https://api.github.com/repos/klefstad-teaching/cs141-w26-lab2b-CyanAnteater/collaborators/arjunk76 with permission"pull"
2026-01-15 08:18:04,704 - DEBUG - Inviting Ava-Kopecky to klefstad-teaching/cs141-w26-lab2b-LentKe...
2026-01-15 08:18:04,704 - DEBUG -   [Dry Run] PUT https://api.github.com/repos/klefstad-teaching/cs141-w26-lab2b-LentKe/collaborators/Ava-Kopecky with permission"pull"
2026-01-15 08:18:04,704 - DEBUG - Inviting Ava-Kopecky to klefstad-teaching/cs141-w26-lab2a-moonluno...
2026-01-15 08:18:04,704 - DEBUG -   [Dry Run] PUT https://api.github.com/repos/klefstad-teaching/cs141-w26-lab2a-moonluno/collaborators/Ava-Kopecky with permission"pull"
2026-01-15 08:18:04,704 - DEBUG - Inviting supanice-uci to klefstad-teaching/cs141-w26-lab2b-yuchuehw...
2026-01-15 08:18:04,704 - DEBUG -   [Dry Run] PUT https://api.github.com/repos/klefstad-teaching/cs141-w26-lab2b-yuchuehw/collaborators/supanice-uci with permission"pull"
2026-01-15 08:18:04,704 - DEBUG - Inviting supanice-uci to klefstad-teaching/cs141-w26-lab2a-AnviM1...
2026-01-15 08:18:04,704 - DEBUG -   [Dry Run] PUT https://api.github.com/repos/klefstad-teaching/cs141-w26-lab2a-AnviM1/collaborators/supanice-uci with permission"pull"
2026-01-15 08:18:04,704 - DEBUG - Inviting MichaelP222 to klefstad-teaching/cs141-w26-lab2b-elizabethmwatkins...
2026-01-15 08:18:04,704 - DEBUG -   [Dry Run] PUT https://api.github.com/repos/klefstad-teaching/cs141-w26-lab2b-elizabethmwatkins/collaborators/MichaelP222 with permission"pull"
2026-01-15 08:18:04,704 - DEBUG - Inviting MichaelP222 to klefstad-teaching/cs141-w26-lab2b-Alexander-Tu2...
2026-01-15 08:18:04,704 - DEBUG -   [Dry Run] PUT https://api.github.com/repos/klefstad-teaching/cs141-w26-lab2b-Alexander-Tu2/collaborators/MichaelP222 with permission"pull"
2026-01-15 08:18:04,704 - DEBUG - Inviting jjdonckels to klefstad-teaching/cs141-w26-lab2b-TJHomeworkHub...
2026-01-15 08:18:04,704 - DEBUG -   [Dry Run] PUT https://api.github.com/repos/klefstad-teaching/cs141-w26-lab2b-TJHomeworkHub/collaborators/jjdonckels with permission"pull"
2026-01-15 08:18:04,704 - DEBUG - Inviting jjdonckels to klefstad-teaching/cs141-w26-lab2b-yilis15...
2026-01-15 08:18:04,704 - DEBUG -   [Dry Run] PUT https://api.github.com/repos/klefstad-teaching/cs141-w26-lab2b-yilis15/collaborators/jjdonckels with permission"pull"
2026-01-15 08:18:04,704 - DEBUG - Inviting eshahrestany to klefstad-teaching/cs141-w26-lab2b-christianacho...
2026-01-15 08:18:04,704 - DEBUG -   [Dry Run] PUT https://api.github.com/repos/klefstad-teaching/cs141-w26-lab2b-christianacho/collaborators/eshahrestany with permission"pull"
2026-01-15 08:18:04,704 - DEBUG - Inviting eshahrestany to klefstad-teaching/cs141-w26-lab2a-pub1icstaticvoid...
2026-01-15 08:18:04,704 - DEBUG -   [Dry Run] PUT https://api.github.com/repos/klefstad-teaching/cs141-w26-lab2a-pub1icstaticvoid/collaborators/eshahrestany with permission"pull"
2026-01-15 08:18:04,704 - DEBUG - Inviting sasakip-uci-edu to klefstad-teaching/cs141-w26-lab2b-itsmandrew...
2026-01-15 08:18:04,704 - DEBUG -   [Dry Run] PUT https://api.github.com/repos/klefstad-teaching/cs141-w26-lab2b-itsmandrew/collaborators/sasakip-uci-edu with permission"pull"
2026-01-15 08:18:04,704 - DEBUG - Inviting sasakip-uci-edu to klefstad-teaching/cs141-w26-lab2b-sasha-oconnor...
2026-01-15 08:18:04,704 - DEBUG -   [Dry Run] PUT https://api.github.com/repos/klefstad-teaching/cs141-w26-lab2b-sasha-oconnor/collaborators/sasakip-uci-edu with permission"pull"
2026-01-15 08:18:04,704 - DEBUG - Inviting Benny237 to klefstad-teaching/cs141-w26-lab2b-zhcaury2...
2026-01-15 08:18:04,704 - DEBUG -   [Dry Run] PUT https://api.github.com/repos/klefstad-teaching/cs141-w26-lab2b-zhcaury2/collaborators/Benny237 with permission"pull"
2026-01-15 08:18:04,704 - DEBUG - Inviting Benny237 to klefstad-teaching/cs141-w26-lab2a-nxphan-uci...
2026-01-15 08:18:04,704 - DEBUG -   [Dry Run] PUT https://api.github.com/repos/klefstad-teaching/cs141-w26-lab2a-nxphan-uci/collaborators/Benny237 with permission"pull"
2026-01-15 08:18:04,704 - DEBUG - Inviting anthon12-uci to klefstad-teaching/cs141-w26-lab2b-Karbite...
2026-01-15 08:18:04,704 - DEBUG -   [Dry Run] PUT https://api.github.com/repos/klefstad-teaching/cs141-w26-lab2b-Karbite/collaborators/anthon12-uci with permission"pull"
2026-01-15 08:18:04,704 - DEBUG - Inviting anthon12-uci to klefstad-teaching/cs141-w26-lab2b-dragonkeon...
2026-01-15 08:18:04,704 - DEBUG -   [Dry Run] PUT https://api.github.com/repos/klefstad-teaching/cs141-w26-lab2b-dragonkeon/collaborators/anthon12-uci with permission"pull"
2026-01-15 08:18:04,704 - DEBUG - Inviting gcjong030 to klefstad-teaching/cs141-w26-lab2b-joolenn...
2026-01-15 08:18:04,704 - DEBUG -   [Dry Run] PUT https://api.github.com/repos/klefstad-teaching/cs141-w26-lab2b-joolenn/collaborators/gcjong030 with permission"pull"
2026-01-15 08:18:04,704 - DEBUG - Inviting gcjong030 to klefstad-teaching/cs141-w26-lab2b-echennau...
2026-01-15 08:18:04,704 - DEBUG -   [Dry Run] PUT https://api.github.com/repos/klefstad-teaching/cs141-w26-lab2b-echennau/collaborators/gcjong030 with permission"pull"
2026-01-15 08:18:04,704 - DEBUG - Inviting jiyu02 to klefstad-teaching/cs141-w26-lab2a-NvyGreen...
2026-01-15 08:18:04,704 - DEBUG -   [Dry Run] PUT https://api.github.com/repos/klefstad-teaching/cs141-w26-lab2a-NvyGreen/collaborators/jiyu02 with permission"pull"
2026-01-15 08:18:04,704 - DEBUG - Inviting jiyu02 to klefstad-teaching/cs141-w26-lab2a-ermmre...
2026-01-15 08:18:04,704 - DEBUG -   [Dry Run] PUT https://api.github.com/repos/klefstad-teaching/cs141-w26-lab2a-ermmre/collaborators/jiyu02 with permission"pull"
2026-01-15 08:18:04,704 - DEBUG - Inviting Frank808-Git to klefstad-teaching/cs141-w26-lab2a-esivorap...
2026-01-15 08:18:04,704 - DEBUG -   [Dry Run] PUT https://api.github.com/repos/klefstad-teaching/cs141-w26-lab2a-esivorap/collaborators/Frank808-Git with permission"pull"
2026-01-15 08:18:04,704 - DEBUG - Inviting Frank808-Git to klefstad-teaching/cs141-w26-lab2a-Jthoeung...
2026-01-15 08:18:04,704 - DEBUG -   [Dry Run] PUT https://api.github.com/repos/klefstad-teaching/cs141-w26-lab2a-Jthoeung/collaborators/Frank808-Git with permission"pull"
2026-01-15 08:18:04,704 - DEBUG - Inviting sunjaelee3 to klefstad-teaching/cs141-w26-lab2b-riyapanche...
2026-01-15 08:18:04,704 - DEBUG -   [Dry Run] PUT https://api.github.com/repos/klefstad-teaching/cs141-w26-lab2b-riyapanche/collaborators/sunjaelee3 with permission"pull"
2026-01-15 08:18:04,704 - DEBUG - Inviting sunjaelee3 to klefstad-teaching/cs141-w26-lab2b-oglantz...
2026-01-15 08:18:04,704 - DEBUG -   [Dry Run] PUT https://api.github.com/repos/klefstad-teaching/cs141-w26-lab2b-oglantz/collaborators/sunjaelee3 with permission"pull"
2026-01-15 08:18:04,704 - DEBUG - Inviting w4h009 to klefstad-teaching/cs141-w26-lab2b-AidenFavish...
2026-01-15 08:18:04,704 - DEBUG -   [Dry Run] PUT https://api.github.com/repos/klefstad-teaching/cs141-w26-lab2b-AidenFavish/collaborators/w4h009 with permission"pull"
2026-01-15 08:18:04,704 - DEBUG - Inviting w4h009 to klefstad-teaching/cs141-w26-lab2b-GreasySponge...
2026-01-15 08:18:04,704 - DEBUG -   [Dry Run] PUT https://api.github.com/repos/klefstad-teaching/cs141-w26-lab2b-GreasySponge/collaborators/w4h009 with permission"pull"
2026-01-15 08:18:04,704 - DEBUG - Inviting MubaiLi222 to klefstad-teaching/cs141-w26-lab2b-noraessam...
2026-01-15 08:18:04,704 - DEBUG -   [Dry Run] PUT https://api.github.com/repos/klefstad-teaching/cs141-w26-lab2b-noraessam/collaborators/MubaiLi222 with permission"pull"
2026-01-15 08:18:04,704 - DEBUG - Inviting MubaiLi222 to klefstad-teaching/cs141-w26-lab2b-daviddeng0smm...
2026-01-15 08:18:04,704 - DEBUG -   [Dry Run] PUT https://api.github.com/repos/klefstad-teaching/cs141-w26-lab2b-daviddeng0smm/collaborators/MubaiLi222 with permission"pull"
2026-01-15 08:18:04,704 - DEBUG - Inviting rsljhns to klefstad-teaching/cs141-w26-lab2b-x1d1...
2026-01-15 08:18:04,704 - DEBUG -   [Dry Run] PUT https://api.github.com/repos/klefstad-teaching/cs141-w26-lab2b-x1d1/collaborators/rsljhns with permission"pull"
2026-01-15 08:18:04,704 - DEBUG - Inviting rsljhns to klefstad-teaching/cs141-w26-lab2b-drewreed2005...
2026-01-15 08:18:04,704 - DEBUG -   [Dry Run] PUT https://api.github.com/repos/klefstad-teaching/cs141-w26-lab2b-drewreed2005/collaborators/rsljhns with permission"pull"
2026-01-15 08:18:04,704 - DEBUG - Inviting lucasli2 to klefstad-teaching/cs141-w26-lab2a-noahk004...
2026-01-15 08:18:04,704 - DEBUG -   [Dry Run] PUT https://api.github.com/repos/klefstad-teaching/cs141-w26-lab2a-noahk004/collaborators/lucasli2 with permission"pull"
2026-01-15 08:18:04,704 - DEBUG - Inviting lucasli2 to klefstad-teaching/cs141-w26-lab2b-bqtquach...
2026-01-15 08:18:04,704 - DEBUG -   [Dry Run] PUT https://api.github.com/repos/klefstad-teaching/cs141-w26-lab2b-bqtquach/collaborators/lucasli2 with permission"pull"
2026-01-15 08:18:04,704 - DEBUG - Inviting aditkantak to klefstad-teaching/cs141-w26-lab2a-KayleTruong...
2026-01-15 08:18:04,704 - DEBUG -   [Dry Run] PUT https://api.github.com/repos/klefstad-teaching/cs141-w26-lab2a-KayleTruong/collaborators/aditkantak with permission"pull"
2026-01-15 08:18:04,704 - DEBUG - Inviting aditkantak to klefstad-teaching/cs141-w26-lab2b-avanaaap...
2026-01-15 08:18:04,704 - DEBUG -   [Dry Run] PUT https://api.github.com/repos/klefstad-teaching/cs141-w26-lab2b-avanaaap/collaborators/aditkantak with permission"pull"
2026-01-15 08:18:04,704 - DEBUG - Inviting kbattson to klefstad-teaching/cs141-w26-lab2a-KunGeng...
2026-01-15 08:18:04,704 - DEBUG -   [Dry Run] PUT https://api.github.com/repos/klefstad-teaching/cs141-w26-lab2a-KunGeng/collaborators/kbattson with permission"pull"
2026-01-15 08:18:04,704 - DEBUG - Inviting kbattson to klefstad-teaching/cs141-w26-lab2b-rykubota...
2026-01-15 08:18:04,704 - DEBUG -   [Dry Run] PUT https://api.github.com/repos/klefstad-teaching/cs141-w26-lab2b-rykubota/collaborators/kbattson with permission"pull"
2026-01-15 08:18:04,704 - DEBUG - Inviting chriscc5 to klefstad-teaching/cs141-w26-lab2b-edenradulescu...
2026-01-15 08:18:04,704 - DEBUG -   [Dry Run] PUT https://api.github.com/repos/klefstad-teaching/cs141-w26-lab2b-edenradulescu/collaborators/chriscc5 with permission"pull"
2026-01-15 08:18:04,704 - DEBUG - Inviting chriscc5 to klefstad-teaching/cs141-w26-lab2b-brandog2039...
2026-01-15 08:18:04,704 - DEBUG -   [Dry Run] PUT https://api.github.com/repos/klefstad-teaching/cs141-w26-lab2b-brandog2039/collaborators/chriscc5 with permission"pull"
2026-01-15 08:18:04,704 - DEBUG - Inviting marcusl07 to klefstad-teaching/cs141-w26-lab2b-nyelgireddy...
2026-01-15 08:18:04,704 - DEBUG -   [Dry Run] PUT https://api.github.com/repos/klefstad-teaching/cs141-w26-lab2b-nyelgireddy/collaborators/marcusl07 with permission"pull"
2026-01-15 08:18:04,704 - DEBUG - Inviting marcusl07 to klefstad-teaching/cs141-w26-lab2a-smuretta16...
2026-01-15 08:18:04,704 - DEBUG -   [Dry Run] PUT https://api.github.com/repos/klefstad-teaching/cs141-w26-lab2a-smuretta16/collaborators/marcusl07 with permission"pull"
2026-01-15 08:18:04,704 - DEBUG - Inviting 1JunHuang to klefstad-teaching/cs141-w26-lab2b-alvarov17...
2026-01-15 08:18:04,704 - DEBUG -   [Dry Run] PUT https://api.github.com/repos/klefstad-teaching/cs141-w26-lab2b-alvarov17/collaborators/1JunHuang with permission"pull"
2026-01-15 08:18:04,704 - DEBUG - Inviting 1JunHuang to klefstad-teaching/cs141-w26-lab2b-sehop1-source...
2026-01-15 08:18:04,704 - DEBUG -   [Dry Run] PUT https://api.github.com/repos/klefstad-teaching/cs141-w26-lab2b-sehop1-source/collaborators/1JunHuang with permission"pull"
2026-01-15 08:18:04,704 - DEBUG - Inviting rheajethvani to klefstad-teaching/cs141-w26-lab2b-christinne-n...
2026-01-15 08:18:04,704 - DEBUG -   [Dry Run] PUT https://api.github.com/repos/klefstad-teaching/cs141-w26-lab2b-christinne-n/collaborators/rheajethvani with permission"pull"
2026-01-15 08:18:04,704 - DEBUG - Inviting rheajethvani to klefstad-teaching/cs141-w26-lab2a-axelwennerlund...
2026-01-15 08:18:04,704 - DEBUG -   [Dry Run] PUT https://api.github.com/repos/klefstad-teaching/cs141-w26-lab2a-axelwennerlund/collaborators/rheajethvani with permission"pull"
2026-01-15 08:18:04,704 - DEBUG - Inviting NotJonny1 to klefstad-teaching/cs141-w26-lab2b-Epic-Mushroom...
2026-01-15 08:18:04,704 - DEBUG -   [Dry Run] PUT https://api.github.com/repos/klefstad-teaching/cs141-w26-lab2b-Epic-Mushroom/collaborators/NotJonny1 with permission"pull"
2026-01-15 08:18:04,704 - DEBUG - Inviting NotJonny1 to klefstad-teaching/cs141-w26-lab2b-BrittenEtchison...
2026-01-15 08:18:04,704 - DEBUG -   [Dry Run] PUT https://api.github.com/repos/klefstad-teaching/cs141-w26-lab2b-BrittenEtchison/collaborators/NotJonny1 with permission"pull"
2026-01-15 08:18:04,704 - DEBUG - Inviting vatsag-06 to klefstad-teaching/cs141-w26-lab2b-Kraufdeen...
2026-01-15 08:18:04,704 - DEBUG -   [Dry Run] PUT https://api.github.com/repos/klefstad-teaching/cs141-w26-lab2b-Kraufdeen/collaborators/vatsag-06 with permission"pull"
2026-01-15 08:18:04,704 - DEBUG - Inviting vatsag-06 to klefstad-teaching/cs141-w26-lab2a-jordan-m-finn...
2026-01-15 08:18:04,704 - DEBUG -   [Dry Run] PUT https://api.github.com/repos/klefstad-teaching/cs141-w26-lab2a-jordan-m-finn/collaborators/vatsag-06 with permission"pull"
2026-01-15 08:18:04,704 - DEBUG - Inviting xsjsgfdysd to klefstad-teaching/cs141-w26-lab2a-pr1vatestaticfinal...
2026-01-15 08:18:04,704 - DEBUG -   [Dry Run] PUT https://api.github.com/repos/klefstad-teaching/cs141-w26-lab2a-pr1vatestaticfinal/collaborators/xsjsgfdysd with permission"pull"
2026-01-15 08:18:04,704 - DEBUG - Inviting xsjsgfdysd to klefstad-teaching/cs141-w26-lab2b-ninal11...
2026-01-15 08:18:04,704 - DEBUG -   [Dry Run] PUT https://api.github.com/repos/klefstad-teaching/cs141-w26-lab2b-ninal11/collaborators/xsjsgfdysd with permission"pull"
2026-01-15 08:18:04,704 - DEBUG - Inviting varunia2 to klefstad-teaching/cs141-w26-lab2b-alemg2004...
2026-01-15 08:18:04,704 - DEBUG -   [Dry Run] PUT https://api.github.com/repos/klefstad-teaching/cs141-w26-lab2b-alemg2004/collaborators/varunia2 with permission"pull"
2026-01-15 08:18:04,704 - DEBUG - Inviting varunia2 to klefstad-teaching/cs141-w26-lab2b-mvttjb...
2026-01-15 08:18:04,704 - DEBUG -   [Dry Run] PUT https://api.github.com/repos/klefstad-teaching/cs141-w26-lab2b-mvttjb/collaborators/varunia2 with permission"pull"
2026-01-15 08:18:04,704 - DEBUG - Inviting spencerleaf to klefstad-teaching/cs141-w26-lab2b-EliranAvigani...
2026-01-15 08:18:04,704 - DEBUG -   [Dry Run] PUT https://api.github.com/repos/klefstad-teaching/cs141-w26-lab2b-EliranAvigani/collaborators/spencerleaf with permission"pull"
2026-01-15 08:18:04,704 - DEBUG - Inviting spencerleaf to klefstad-teaching/cs141-w26-lab2b-nathanlcheng...
2026-01-15 08:18:04,704 - DEBUG -   [Dry Run] PUT https://api.github.com/repos/klefstad-teaching/cs141-w26-lab2b-nathanlcheng/collaborators/spencerleaf with permission"pull"
2026-01-15 08:18:04,704 - DEBUG - Inviting aputty11 to klefstad-teaching/cs141-w26-lab2a-Jajavon...
2026-01-15 08:18:04,704 - DEBUG -   [Dry Run] PUT https://api.github.com/repos/klefstad-teaching/cs141-w26-lab2a-Jajavon/collaborators/aputty11 with permission"pull"
2026-01-15 08:18:04,704 - DEBUG - Inviting aputty11 to klefstad-teaching/cs141-w26-lab2b-timkim0106...
2026-01-15 08:18:04,704 - DEBUG -   [Dry Run] PUT https://api.github.com/repos/klefstad-teaching/cs141-w26-lab2b-timkim0106/collaborators/aputty11 with permission"pull"
2026-01-15 08:18:04,704 - DEBUG - Inviting cusianovic to klefstad-teaching/cs141-w26-lab2b-jasonbm2...
2026-01-15 08:18:04,704 - DEBUG -   [Dry Run] PUT https://api.github.com/repos/klefstad-teaching/cs141-w26-lab2b-jasonbm2/collaborators/cusianovic with permission"pull"
2026-01-15 08:18:04,704 - DEBUG - Inviting cusianovic to klefstad-teaching/cs141-w26-lab2a-ethanvotran20...
2026-01-15 08:18:04,704 - DEBUG -   [Dry Run] PUT https://api.github.com/repos/klefstad-teaching/cs141-w26-lab2a-ethanvotran20/collaborators/cusianovic with permission"pull"
2026-01-15 08:18:04,704 - DEBUG - Inviting ImRayyaan to klefstad-teaching/cs141-w26-lab2b-triminhta1207...
2026-01-15 08:18:04,704 - DEBUG -   [Dry Run] PUT https://api.github.com/repos/klefstad-teaching/cs141-w26-lab2b-triminhta1207/collaborators/ImRayyaan with permission"pull"
2026-01-15 08:18:04,704 - DEBUG - Inviting ImRayyaan to klefstad-teaching/cs141-w26-lab2b-lukes4-uci...
2026-01-15 08:18:04,704 - DEBUG -   [Dry Run] PUT https://api.github.com/repos/klefstad-teaching/cs141-w26-lab2b-lukes4-uci/collaborators/ImRayyaan with permission"pull"
2026-01-15 08:18:04,704 - DEBUG - Inviting yeqiw1 to klefstad-teaching/cs141-w26-lab2b-Wheeledparasite...
2026-01-15 08:18:04,704 - DEBUG -   [Dry Run] PUT https://api.github.com/repos/klefstad-teaching/cs141-w26-lab2b-Wheeledparasite/collaborators/yeqiw1 with permission"pull"
2026-01-15 08:18:04,704 - DEBUG - Inviting yeqiw1 to klefstad-teaching/cs141-w26-lab2b-TonyYao8271...
2026-01-15 08:18:04,704 - DEBUG -   [Dry Run] PUT https://api.github.com/repos/klefstad-teaching/cs141-w26-lab2b-TonyYao8271/collaborators/yeqiw1 with permission"pull"
2026-01-15 08:18:04,704 - DEBUG - Inviting AntonioCuan to klefstad-teaching/cs141-w26-lab2b-sradisay...
2026-01-15 08:18:04,704 - DEBUG -   [Dry Run] PUT https://api.github.com/repos/klefstad-teaching/cs141-w26-lab2b-sradisay/collaborators/AntonioCuan with permission"pull"
2026-01-15 08:18:04,704 - DEBUG - Inviting AntonioCuan to klefstad-teaching/cs141-w26-lab2b-achakka24...
2026-01-15 08:18:04,704 - DEBUG -   [Dry Run] PUT https://api.github.com/repos/klefstad-teaching/cs141-w26-lab2b-achakka24/collaborators/AntonioCuan with permission"pull"
2026-01-15 08:18:04,704 - DEBUG - Inviting vmrenter-code to klefstad-teaching/cs141-w26-lab2b-lenat05...
2026-01-15 08:18:04,704 - DEBUG -   [Dry Run] PUT https://api.github.com/repos/klefstad-teaching/cs141-w26-lab2b-lenat05/collaborators/vmrenter-code with permission"pull"
2026-01-15 08:18:04,704 - DEBUG - Inviting vmrenter-code to klefstad-teaching/cs141-w26-lab2b-Ranoldt...
2026-01-15 08:18:04,704 - DEBUG -   [Dry Run] PUT https://api.github.com/repos/klefstad-teaching/cs141-w26-lab2b-Ranoldt/collaborators/vmrenter-code with permission"pull"
2026-01-15 08:18:04,705 - DEBUG - Inviting ethnvo to klefstad-teaching/cs141-w26-lab2b-andrewwsou...
2026-01-15 08:18:04,705 - DEBUG -   [Dry Run] PUT https://api.github.com/repos/klefstad-teaching/cs141-w26-lab2b-andrewwsou/collaborators/ethnvo with permission"pull"
2026-01-15 08:18:04,705 - DEBUG - Inviting ethnvo to klefstad-teaching/cs141-w26-lab2b-AllyBeary...
2026-01-15 08:18:04,705 - DEBUG -   [Dry Run] PUT https://api.github.com/repos/klefstad-teaching/cs141-w26-lab2b-AllyBeary/collaborators/ethnvo with permission"pull"
2026-01-15 08:18:04,705 - DEBUG - Inviting sim-hub1 to klefstad-teaching/cs141-w26-lab2b-AlvinAKTran...
2026-01-15 08:18:04,705 - DEBUG -   [Dry Run] PUT https://api.github.com/repos/klefstad-teaching/cs141-w26-lab2b-AlvinAKTran/collaborators/sim-hub1 with permission"pull"
2026-01-15 08:18:04,705 - DEBUG - Inviting sim-hub1 to klefstad-teaching/cs141-w26-lab2b-jifanf1...
2026-01-15 08:18:04,705 - DEBUG -   [Dry Run] PUT https://api.github.com/repos/klefstad-teaching/cs141-w26-lab2b-jifanf1/collaborators/sim-hub1 with permission"pull"
2026-01-15 08:18:04,705 - DEBUG - Inviting seungl25 to klefstad-teaching/cs141-w26-lab2b-twleochao...
2026-01-15 08:18:04,705 - DEBUG -   [Dry Run] PUT https://api.github.com/repos/klefstad-teaching/cs141-w26-lab2b-twleochao/collaborators/seungl25 with permission"pull"
2026-01-15 08:18:04,705 - DEBUG - Inviting seungl25 to klefstad-teaching/cs141-w26-lab2a-kamyyywang...
2026-01-15 08:18:04,705 - DEBUG -   [Dry Run] PUT https://api.github.com/repos/klefstad-teaching/cs141-w26-lab2a-kamyyywang/collaborators/seungl25 with permission"pull"
2026-01-15 08:18:04,705 - DEBUG - Inviting haoqp1 to klefstad-teaching/cs141-w26-lab2b-sahirss...
2026-01-15 08:18:04,705 - DEBUG -   [Dry Run] PUT https://api.github.com/repos/klefstad-teaching/cs141-w26-lab2b-sahirss/collaborators/haoqp1 with permission"pull"
2026-01-15 08:18:04,705 - DEBUG - Inviting haoqp1 to klefstad-teaching/cs141-w26-lab2a-ebangerz...
2026-01-15 08:18:04,705 - DEBUG -   [Dry Run] PUT https://api.github.com/repos/klefstad-teaching/cs141-w26-lab2a-ebangerz/collaborators/haoqp1 with permission"pull"
2026-01-15 08:18:04,705 - DEBUG - Inviting gymPotato-1 to klefstad-teaching/cs141-w26-lab2b-firewuf...
2026-01-15 08:18:04,705 - DEBUG -   [Dry Run] PUT https://api.github.com/repos/klefstad-teaching/cs141-w26-lab2b-firewuf/collaborators/gymPotato-1 with permission"pull"
2026-01-15 08:18:04,705 - DEBUG - Inviting gymPotato-1 to klefstad-teaching/cs141-w26-lab2b-abhinavuppala...
2026-01-15 08:18:04,705 - DEBUG -   [Dry Run] PUT https://api.github.com/repos/klefstad-teaching/cs141-w26-lab2b-abhinavuppala/collaborators/gymPotato-1 with permission"pull"
2026-01-15 08:18:04,705 - DEBUG - Inviting 20chino05 to klefstad-teaching/cs141-w26-lab2b-alexpetro47...
2026-01-15 08:18:04,705 - DEBUG -   [Dry Run] PUT https://api.github.com/repos/klefstad-teaching/cs141-w26-lab2b-alexpetro47/collaborators/20chino05 with permission"pull"
2026-01-15 08:18:04,705 - DEBUG - Inviting 20chino05 to klefstad-teaching/cs141-w26-lab2b-heechy33...
2026-01-15 08:18:04,705 - DEBUG -   [Dry Run] PUT https://api.github.com/repos/klefstad-teaching/cs141-w26-lab2b-heechy33/collaborators/20chino05 with permission"pull"
2026-01-15 08:18:04,705 - DEBUG - Inviting jy8liu to klefstad-teaching/cs141-w26-lab2b-HsuAustin...
2026-01-15 08:18:04,705 - DEBUG -   [Dry Run] PUT https://api.github.com/repos/klefstad-teaching/cs141-w26-lab2b-HsuAustin/collaborators/jy8liu with permission"pull"
2026-01-15 08:18:04,705 - DEBUG - Inviting jy8liu to klefstad-teaching/cs141-w26-lab2a-dpappachan...
2026-01-15 08:18:04,705 - DEBUG -   [Dry Run] PUT https://api.github.com/repos/klefstad-teaching/cs141-w26-lab2a-dpappachan/collaborators/jy8liu with permission"pull"
2026-01-15 08:18:04,705 - DEBUG - Inviting Ewuman to klefstad-teaching/cs141-w26-lab2b-techsgithub...
2026-01-15 08:18:04,705 - DEBUG -   [Dry Run] PUT https://api.github.com/repos/klefstad-teaching/cs141-w26-lab2b-techsgithub/collaborators/Ewuman with permission"pull"
2026-01-15 08:18:04,705 - DEBUG - Inviting Ewuman to klefstad-teaching/cs141-w26-lab2a-kristerduster...
2026-01-15 08:18:04,705 - DEBUG -   [Dry Run] PUT https://api.github.com/repos/klefstad-teaching/cs141-w26-lab2a-kristerduster/collaborators/Ewuman with permission"pull"
2026-01-15 08:18:04,705 - DEBUG - Inviting willm326 to klefstad-teaching/cs141-w26-lab2b-winstonjgiang...
2026-01-15 08:18:04,705 - DEBUG -   [Dry Run] PUT https://api.github.com/repos/klefstad-teaching/cs141-w26-lab2b-winstonjgiang/collaborators/willm326 with permission"pull"
2026-01-15 08:18:04,705 - DEBUG - Inviting willm326 to klefstad-teaching/cs141-w26-lab2a-lukashauge...
2026-01-15 08:18:04,705 - DEBUG -   [Dry Run] PUT https://api.github.com/repos/klefstad-teaching/cs141-w26-lab2a-lukashauge/collaborators/willm326 with permission"pull"
2026-01-15 08:18:04,705 - DEBUG - Inviting Lekzs to klefstad-teaching/cs141-w26-lab2b-timkim0106...
2026-01-15 08:18:04,705 - DEBUG -   [Dry Run] PUT https://api.github.com/repos/klefstad-teaching/cs141-w26-lab2b-timkim0106/collaborators/Lekzs with permission"pull"
2026-01-15 08:18:04,705 - DEBUG - Inviting Lekzs to klefstad-teaching/cs141-w26-lab2a-PNZ-z...
2026-01-15 08:18:04,705 - DEBUG -   [Dry Run] PUT https://api.github.com/repos/klefstad-teaching/cs141-w26-lab2a-PNZ-z/collaborators/Lekzs with permission"pull"
2026-01-15 08:18:04,705 - DEBUG - Inviting AdiAnteater to klefstad-teaching/cs141-w26-lab2b-ryanrT27...
2026-01-15 08:18:04,705 - DEBUG -   [Dry Run] PUT https://api.github.com/repos/klefstad-teaching/cs141-w26-lab2b-ryanrT27/collaborators/AdiAnteater with permission"pull"
2026-01-15 08:18:04,705 - DEBUG - Inviting AdiAnteater to klefstad-teaching/cs141-w26-lab2b-CyanAnteater...
2026-01-15 08:18:04,705 - DEBUG -   [Dry Run] PUT https://api.github.com/repos/klefstad-teaching/cs141-w26-lab2b-CyanAnteater/collaborators/AdiAnteater with permission"pull"
2026-01-15 08:18:04,705 - DEBUG - Inviting JimmyZzz30 to klefstad-teaching/cs141-w26-lab2a-cessar3...
2026-01-15 08:18:04,705 - DEBUG -   [Dry Run] PUT https://api.github.com/repos/klefstad-teaching/cs141-w26-lab2a-cessar3/collaborators/JimmyZzz30 with permission"pull"
2026-01-15 08:18:04,705 - DEBUG - Inviting JimmyZzz30 to klefstad-teaching/cs141-w26-lab2b-nkimogpig...
2026-01-15 08:18:04,705 - DEBUG -   [Dry Run] PUT https://api.github.com/repos/klefstad-teaching/cs141-w26-lab2b-nkimogpig/collaborators/JimmyZzz30 with permission"pull"
2026-01-15 08:18:04,705 - DEBUG - Inviting ariyagowda to klefstad-teaching/cs141-w26-lab2b-jifanf1...
2026-01-15 08:18:04,705 - DEBUG -   [Dry Run] PUT https://api.github.com/repos/klefstad-teaching/cs141-w26-lab2b-jifanf1/collaborators/ariyagowda with permission"pull"
2026-01-15 08:18:04,705 - DEBUG - Inviting ariyagowda to klefstad-teaching/cs141-w26-lab2b-Alexander-Tu2...
2026-01-15 08:18:04,705 - DEBUG -   [Dry Run] PUT https://api.github.com/repos/klefstad-teaching/cs141-w26-lab2b-Alexander-Tu2/collaborators/ariyagowda with permission"pull"
2026-01-15 08:18:04,705 - DEBUG - Inviting duyaj to klefstad-teaching/cs141-w26-lab2a-pub1icstaticvoid...
2026-01-15 08:18:04,705 - DEBUG -   [Dry Run] PUT https://api.github.com/repos/klefstad-teaching/cs141-w26-lab2a-pub1icstaticvoid/collaborators/duyaj with permission"pull"
2026-01-15 08:18:04,705 - DEBUG - Inviting duyaj to klefstad-teaching/cs141-w26-lab2b-oglantz...
2026-01-15 08:18:04,705 - DEBUG -   [Dry Run] PUT https://api.github.com/repos/klefstad-teaching/cs141-w26-lab2b-oglantz/collaborators/duyaj with permission"pull"
2026-01-15 08:18:04,705 - DEBUG - Inviting aresalvarado to klefstad-teaching/cs141-w26-lab2a-dpappachan...
2026-01-15 08:18:04,705 - DEBUG -   [Dry Run] PUT https://api.github.com/repos/klefstad-teaching/cs141-w26-lab2a-dpappachan/collaborators/aresalvarado with permission"pull"
2026-01-15 08:18:04,705 - DEBUG - Inviting aresalvarado to klefstad-teaching/cs141-w26-lab2b-rykubota...
2026-01-15 08:18:04,705 - DEBUG -   [Dry Run] PUT https://api.github.com/repos/klefstad-teaching/cs141-w26-lab2b-rykubota/collaborators/aresalvarado with permission"pull"
2026-01-15 08:18:04,705 - DEBUG - Inviting thomasn05 to klefstad-teaching/cs141-w26-lab2a-6LEON8...
2026-01-15 08:18:04,705 - DEBUG -   [Dry Run] PUT https://api.github.com/repos/klefstad-teaching/cs141-w26-lab2a-6LEON8/collaborators/thomasn05 with permission"pull"
2026-01-15 08:18:04,705 - DEBUG - Inviting thomasn05 to klefstad-teaching/cs141-w26-lab2b-LentKe...
2026-01-15 08:18:04,705 - DEBUG -   [Dry Run] PUT https://api.github.com/repos/klefstad-teaching/cs141-w26-lab2b-LentKe/collaborators/thomasn05 with permission"pull"
2026-01-15 08:18:04,705 - DEBUG - Inviting CHAdinna to klefstad-teaching/cs141-w26-lab2a-smuretta16...
2026-01-15 08:18:04,705 - DEBUG -   [Dry Run] PUT https://api.github.com/repos/klefstad-teaching/cs141-w26-lab2a-smuretta16/collaborators/CHAdinna with permission"pull"
2026-01-15 08:18:04,705 - DEBUG - Inviting CHAdinna to klefstad-teaching/cs141-w26-lab2b-GreasySponge...
2026-01-15 08:18:04,705 - DEBUG -   [Dry Run] PUT https://api.github.com/repos/klefstad-teaching/cs141-w26-lab2b-GreasySponge/collaborators/CHAdinna with permission"pull"
2026-01-15 08:18:04,705 - DEBUG - Inviting AshGasparyanCS to klefstad-teaching/cs141-w26-lab2a-ebangerz...
2026-01-15 08:18:04,705 - DEBUG -   [Dry Run] PUT https://api.github.com/repos/klefstad-teaching/cs141-w26-lab2a-ebangerz/collaborators/AshGasparyanCS with permission"pull"
2026-01-15 08:18:04,705 - DEBUG - Inviting AshGasparyanCS to klefstad-teaching/cs141-w26-lab2b-sehop1-source...
2026-01-15 08:18:04,705 - DEBUG -   [Dry Run] PUT https://api.github.com/repos/klefstad-teaching/cs141-w26-lab2b-sehop1-source/collaborators/AshGasparyanCS with permission"pull"
2026-01-15 08:18:04,705 - DEBUG - Inviting Neilk1021 to klefstad-teaching/cs141-w26-lab2b-avanaaap...
2026-01-15 08:18:04,705 - DEBUG -   [Dry Run] PUT https://api.github.com/repos/klefstad-teaching/cs141-w26-lab2b-avanaaap/collaborators/Neilk1021 with permission"pull"
2026-01-15 08:18:04,705 - DEBUG - Inviting Neilk1021 to klefstad-teaching/cs141-w26-lab2b-Wheeledparasite...
2026-01-15 08:18:04,705 - DEBUG -   [Dry Run] PUT https://api.github.com/repos/klefstad-teaching/cs141-w26-lab2b-Wheeledparasite/collaborators/Neilk1021 with permission"pull"
2026-01-15 08:18:04,705 - DEBUG - Inviting MNUQUI to klefstad-teaching/cs141-w26-lab2b-christianacho...
2026-01-15 08:18:04,705 - DEBUG -   [Dry Run] PUT https://api.github.com/repos/klefstad-teaching/cs141-w26-lab2b-christianacho/collaborators/MNUQUI with permission"pull"
2026-01-15 08:18:04,705 - DEBUG - Inviting MNUQUI to klefstad-teaching/cs141-w26-lab2b-techsgithub...
2026-01-15 08:18:04,705 - DEBUG -   [Dry Run] PUT https://api.github.com/repos/klefstad-teaching/cs141-w26-lab2b-techsgithub/collaborators/MNUQUI with permission"pull"
2026-01-15 08:18:04,705 - DEBUG - Inviting iamshauryag to klefstad-teaching/cs141-w26-lab2b-EliranAvigani...
2026-01-15 08:18:04,705 - DEBUG -   [Dry Run] PUT https://api.github.com/repos/klefstad-teaching/cs141-w26-lab2b-EliranAvigani/collaborators/iamshauryag with permission"pull"
2026-01-15 08:18:04,705 - DEBUG - Inviting iamshauryag to klefstad-teaching/cs141-w26-lab2b-yuchuehw...
2026-01-15 08:18:04,705 - DEBUG -   [Dry Run] PUT https://api.github.com/repos/klefstad-teaching/cs141-w26-lab2b-yuchuehw/collaborators/iamshauryag with permission"pull"
2026-01-15 08:18:04,705 - DEBUG - Inviting apoolla114 to klefstad-teaching/cs141-w26-lab2a-esivorap...
2026-01-15 08:18:04,705 - DEBUG -   [Dry Run] PUT https://api.github.com/repos/klefstad-teaching/cs141-w26-lab2a-esivorap/collaborators/apoolla114 with permission"pull"
2026-01-15 08:18:04,705 - DEBUG - Inviting apoolla114 to klefstad-teaching/cs141-w26-lab2a-noahk004...
2026-01-15 08:18:04,705 - DEBUG -   [Dry Run] PUT https://api.github.com/repos/klefstad-teaching/cs141-w26-lab2a-noahk004/collaborators/apoolla114 with permission"pull"
2026-01-15 08:18:04,705 - DEBUG - Inviting agamvirmandair to klefstad-teaching/cs141-w26-lab2a-laurajacint0...
2026-01-15 08:18:04,705 - DEBUG -   [Dry Run] PUT https://api.github.com/repos/klefstad-teaching/cs141-w26-lab2a-laurajacint0/collaborators/agamvirmandair with permission"pull"
2026-01-15 08:18:04,705 - DEBUG - Inviting agamvirmandair to klefstad-teaching/cs141-w26-lab2b-alvarov17...
2026-01-15 08:18:04,705 - DEBUG -   [Dry Run] PUT https://api.github.com/repos/klefstad-teaching/cs141-w26-lab2b-alvarov17/collaborators/agamvirmandair with permission"pull"
2026-01-15 08:18:04,705 - DEBUG - Inviting Jinseyam to klefstad-teaching/cs141-w26-lab2a-Atif-Ahmad...
2026-01-15 08:18:04,705 - DEBUG -   [Dry Run] PUT https://api.github.com/repos/klefstad-teaching/cs141-w26-lab2a-Atif-Ahmad/collaborators/Jinseyam with permission"pull"
2026-01-15 08:18:04,705 - DEBUG - Inviting Jinseyam to klefstad-teaching/cs141-w26-lab2a-Nicol-U...
2026-01-15 08:18:04,705 - DEBUG -   [Dry Run] PUT https://api.github.com/repos/klefstad-teaching/cs141-w26-lab2a-Nicol-U/collaborators/Jinseyam with permission"pull"
2026-01-15 08:18:04,705 - DEBUG - Inviting wendiiiiii to klefstad-teaching/cs141-w26-lab2a-kristerduster...
2026-01-15 08:18:04,705 - DEBUG -   [Dry Run] PUT https://api.github.com/repos/klefstad-teaching/cs141-w26-lab2a-kristerduster/collaborators/wendiiiiii with permission"pull"
2026-01-15 08:18:04,705 - DEBUG - Inviting wendiiiiii to klefstad-teaching/cs141-w26-lab2a-KunGeng...
2026-01-15 08:18:04,705 - DEBUG -   [Dry Run] PUT https://api.github.com/repos/klefstad-teaching/cs141-w26-lab2a-KunGeng/collaborators/wendiiiiii with permission"pull"
2026-01-15 08:18:04,705 - DEBUG - Inviting mjliu5 to klefstad-teaching/cs141-w26-lab2b-Kraufdeen...
2026-01-15 08:18:04,705 - DEBUG -   [Dry Run] PUT https://api.github.com/repos/klefstad-teaching/cs141-w26-lab2b-Kraufdeen/collaborators/mjliu5 with permission"pull"
2026-01-15 08:18:04,705 - DEBUG - Inviting mjliu5 to klefstad-teaching/cs141-w26-lab2b-joshngn...
2026-01-15 08:18:04,705 - DEBUG -   [Dry Run] PUT https://api.github.com/repos/klefstad-teaching/cs141-w26-lab2b-joshngn/collaborators/mjliu5 with permission"pull"
2026-01-15 08:18:04,705 - DEBUG - Inviting charlesyeh-1103 to klefstad-teaching/cs141-w26-lab2b-mvttjb...
2026-01-15 08:18:04,705 - DEBUG -   [Dry Run] PUT https://api.github.com/repos/klefstad-teaching/cs141-w26-lab2b-mvttjb/collaborators/charlesyeh-1103 with permission"pull"
2026-01-15 08:18:04,705 - DEBUG - Inviting charlesyeh-1103 to klefstad-teaching/cs141-w26-lab2b-Ranoldt...
2026-01-15 08:18:04,705 - DEBUG -   [Dry Run] PUT https://api.github.com/repos/klefstad-teaching/cs141-w26-lab2b-Ranoldt/collaborators/charlesyeh-1103 with permission"pull"
2026-01-15 08:18:04,705 - DEBUG - Inviting devg1ics to klefstad-teaching/cs141-w26-lab2a-clairdelunesolace...
2026-01-15 08:18:04,705 - DEBUG -   [Dry Run] PUT https://api.github.com/repos/klefstad-teaching/cs141-w26-lab2a-clairdelunesolace/collaborators/devg1ics with permission"pull"
2026-01-15 08:18:04,705 - DEBUG - Inviting devg1ics to klefstad-teaching/cs141-w26-lab2a-JordanPham2002...
2026-01-15 08:18:04,705 - DEBUG -   [Dry Run] PUT https://api.github.com/repos/klefstad-teaching/cs141-w26-lab2a-JordanPham2002/collaborators/devg1ics with permission"pull"
