2026-01-17 21:42:39,394 - DEBUG - Processing maburto19
2026-01-17 21:42:39,397 - DEBUG - 
               Student      ID  SIS User ID SIS Login ID  \
2  Aburto, Mia Desiree  409398      2435872      maburto   

                                        Section            Email Address  \
2  IN4MATX 101 LEC A: CONCEPT PGMG LANG (36040)  miadesiree190@gmail.com   

  GitHub Username Submitted  Reviews Assigned  Reviews Completed  Reactions  \
2       maburto19      True               2.0                2.0        0.0   

  Notes  
2        
2026-01-17 21:42:39,397 - DEBUG - Missing ['reaction'] for cs141-w26-lab2b-jasonbm2
Missing ['reaction'] for cs141-w26-lab2b-AidenFavish
2026-01-17 21:42:39,397 - DEBUG - Processing CHAdinna
2026-01-17 21:42:39,399 - DEBUG - 
                  Student      ID  SIS User ID SIS Login ID  \
3  Adinna, Chidubem Henry  414549      2448854      adinnac   

                                        Section    Email Address  \
3  IN4MATX 101 LEC A: CONCEPT PGMG LANG (36040)  adinnac@uci.edu   

  GitHub Username Submitted  Reviews Assigned  Reviews Completed  Reactions  \
3        CHAdinna      True               2.0                2.0        0.0   

  Notes  
3        
2026-01-17 21:42:39,399 - DEBUG - Missing ['reaction'] for cs141-w26-lab2a-smuretta16
Missing ['reaction'] for cs141-w26-lab2b-GreasySponge
2026-01-17 21:42:39,399 - DEBUG - Processing varunia2
2026-01-17 21:42:39,402 - DEBUG - 
           Student      ID  SIS User ID SIS Login ID  \
4  Agrawal, Varuni  378585      2182472      varunia   

                                        Section    Email Address  \
4  COMPSCI 141 LEC A: CONCEPT PGMG LANG (34110)  varunia@uci.edu   

  GitHub Username Submitted  Reviews Assigned  Reviews Completed  Reactions  \
4        varunia2      True               2.0                0.0        0.0   

  Notes  
4        
2026-01-17 21:42:39,402 - DEBUG - Missing ['comment', 'reply'] for cs141-w26-lab2b-alemg2004
Missing ['comment', 'reply'] for cs141-w26-lab2b-mvttjb
Missing ['reaction'] for cs141-w26-lab2b-alemg2004
Missing ['reaction'] for cs141-w26-lab2b-mvttjb
2026-01-17 21:42:39,402 - DEBUG - Processing Atif-Ahmad
2026-01-17 21:42:39,404 - DEBUG - 
       Student      ID  SIS User ID SIS Login ID  \
5  Ahmad, Atif  415656      2464172       atifa2   

                                        Section   Email Address  \
5  COMPSCI 141 LEC A: CONCEPT PGMG LANG (34110)  atifa2@uci.edu   

  GitHub Username Submitted  Reviews Assigned  Reviews Completed  Reactions  \
5      Atif-Ahmad      True               2.0                2.0        0.0   

  Notes  
5        
2026-01-17 21:42:39,404 - DEBUG - Missing ['reaction'] for cs141-w26-lab2b-TonyYao8271
Missing ['reaction'] for cs141-w26-lab2c-AdiAnteater
2026-01-17 21:42:39,404 - DEBUG - Processing alemg2004
2026-01-17 21:42:39,406 - DEBUG - 
              Student      ID  SIS User ID SIS Login ID  \
7  Alem, Ghalib Nezar  379855      2288129        alemg   

                                        Section  Email Address  \
7  COMPSCI 141 LEC A: CONCEPT PGMG LANG (34110)  alemg@uci.edu   

  GitHub Username Submitted  Reviews Assigned  Reviews Completed  Reactions  \
7       alemg2004      True               2.0                1.0        0.0   

  Notes  
7        
2026-01-17 21:42:39,406 - DEBUG - Missing ['comment', 'reply'] for cs141-w26-lab2c-ethnvo
Missing ['reaction'] for cs141-w26-lab2c-ethnvo
Missing ['reaction'] for cs141-w26-lab2a-clairdelunesolace
2026-01-17 21:42:39,406 - DEBUG - Processing galhamda-create
2026-01-17 21:42:39,408 - DEBUG - 
              Student      ID  SIS User ID SIS Login ID  \
8  Alhamdani, Ghassan  412820      2431853     galhamda   

                                        Section     Email Address  \
8  IN4MATX 101 LEC A: CONCEPT PGMG LANG (36040)  galhamda@uci.edu   

   GitHub Username Submitted  Reviews Assigned  Reviews Completed  Reactions  \
8  galhamda-create      True               0.0                0.0        0.0   

  Notes  
8        
2026-01-17 21:42:39,408 - DEBUG - 
2026-01-17 21:42:39,409 - DEBUG - Processing aresalvarado
2026-01-17 21:42:39,410 - DEBUG - 
                  Student      ID  SIS User ID SIS Login ID  \
9  Alvarado, Ares Ronaldo  375253      2207581        aresa   

                                        Section  Email Address  \
9  COMPSCI 141 LEC A: CONCEPT PGMG LANG (34110)  aresa@uci.edu   

  GitHub Username Submitted  Reviews Assigned  Reviews Completed  Reactions  \
9    aresalvarado      True               2.0                2.0        0.0   

  Notes  
9        
2026-01-17 21:42:39,410 - DEBUG - Missing ['reaction'] for cs141-w26-lab2a-dpappachan
Missing ['reaction'] for cs141-w26-lab2b-rykubota
2026-01-17 21:42:39,411 - DEBUG - Processing NvyGreen
2026-01-17 21:42:39,412 - DEBUG - 
                 Student      ID  SIS User ID SIS Login ID  \
10  Aravindmali, Nivedha  447899      2514838     naravind   

                                         Section     Email Address  \
10  IN4MATX 101 LEC A: CONCEPT PGMG LANG (36040)  naravind@uci.edu   

   GitHub Username Submitted  Reviews Assigned  Reviews Completed  Reactions  \
10        NvyGreen      True               2.0                2.0        0.0   

   Notes  
10        
2026-01-17 21:42:39,412 - DEBUG - Missing ['reaction'] for cs141-w26-lab2b-itsmandrew
Missing ['reaction'] for cs141-w26-lab2c-xsjsgfdysd
2026-01-17 21:42:39,412 - DEBUG - Processing EliranAvigani
2026-01-17 21:42:39,414 - DEBUG - 
            Student      ID  SIS User ID SIS Login ID  \
11  Avigani, Eliran  450209      2579147     eavigani   

                                         Section     Email Address  \
11  COMPSCI 141 LEC A: CONCEPT PGMG LANG (34110)  eavigani@uci.edu   

   GitHub Username Submitted  Reviews Assigned  Reviews Completed  Reactions  \
11   EliranAvigani      True               2.0                2.0        0.0   

   Notes  
11        
2026-01-17 21:42:39,414 - DEBUG - Missing ['reaction'] for cs141-w26-lab2a-KunGeng
Missing ['reaction'] for cs141-w26-lab2a-lukashauge
2026-01-17 21:42:39,414 - DEBUG - Processing kbattson
2026-01-17 21:42:39,416 - DEBUG - 
                   Student      ID  SIS User ID SIS Login ID  \
12  Battson, Kalani Samuel  412258      2441837     kbattson   

                                         Section     Email Address  \
12  COMPSCI 141 LEC A: CONCEPT PGMG LANG (34110)  kbattson@uci.edu   

   GitHub Username Submitted  Reviews Assigned  Reviews Completed  Reactions  \
12        kbattson      True               2.0                0.0        0.0   

   Notes  
12        
2026-01-17 21:42:39,416 - DEBUG - Missing ['comment', 'reply'] for cs141-w26-lab2a-KunGeng
Missing ['comment', 'reply'] for cs141-w26-lab2b-rykubota
Missing ['reaction'] for cs141-w26-lab2a-KunGeng
Missing ['reaction'] for cs141-w26-lab2b-rykubota
2026-01-17 21:42:39,416 - DEBUG - Processing mvttjb
2026-01-17 21:42:39,418 - DEBUG - 
                     Student      ID  SIS User ID SIS Login ID  \
13  Bautista, Matthew Joseph  409412      2414878     matthjb2   

                                         Section     Email Address  \
13  COMPSCI 141 LEC A: CONCEPT PGMG LANG (34110)  matthjb2@uci.edu   

   GitHub Username Submitted  Reviews Assigned  Reviews Completed  Reactions  \
13          mvttjb      True               2.0                2.0        0.0   

   Notes  
13        
2026-01-17 21:42:39,418 - DEBUG - Missing ['reaction'] for cs141-w26-lab2c-Mr-Merp
Missing ['reaction'] for cs141-w26-lab2a-Nicol-U
2026-01-17 21:42:39,418 - DEBUG - Processing x1d1
2026-01-17 21:42:39,420 - DEBUG - 
                   Student      ID  SIS User ID SIS Login ID  \
14  Breeden, Lucas William  413489      2435479     lbreeden   

                                         Section     Email Address  \
14  COMPSCI 141 LEC A: CONCEPT PGMG LANG (34110)  lbreeden@uci.edu   

   GitHub Username Submitted  Reviews Assigned  Reviews Completed  Reactions  \
14            x1d1      True               2.0                2.0        0.0   

   Notes  
14        
2026-01-17 21:42:39,420 - DEBUG - Missing ['reaction'] for cs141-w26-lab2c-nctam2
Missing ['reaction'] for cs141-w26-lab2c-kevinh-a
2026-01-17 21:42:39,420 - DEBUG - Processing noraessam
2026-01-17 21:42:39,422 - DEBUG - 
                   Student      ID  SIS User ID SIS Login ID  \
15  Bukhamseen, Nora Essam  379380      2278317     nbukhams   

                                         Section     Email Address  \
15  COMPSCI 141 LEC A: CONCEPT PGMG LANG (34110)  nbukhams@uci.edu   

   GitHub Username Submitted  Reviews Assigned  Reviews Completed  Reactions  \
15       noraessam      True               2.0                1.0        0.0   

   Notes  
15        
2026-01-17 21:42:39,422 - DEBUG - Missing ['comment', 'reply'] for cs141-w26-lab2a-HarryS561
Missing ['reaction'] for cs141-w26-lab2c-seungl25
Missing ['reaction'] for cs141-w26-lab2a-HarryS561
2026-01-17 21:42:39,422 - DEBUG - Processing BradyCason
2026-01-17 21:42:39,424 - DEBUG - 
                  Student      ID  SIS User ID SIS Login ID  \
16  Cason, Brady Rockwell  406947      2337504      brcason   

                                         Section    Email Address  \
16  COMPSCI 141 LEC A: CONCEPT PGMG LANG (34110)  brcason@uci.edu   

   GitHub Username Submitted  Reviews Assigned  Reviews Completed  Reactions  \
16      BradyCason      True               2.0                2.0        0.0   

   Notes  
16        
2026-01-17 21:42:39,424 - DEBUG - Missing ['reaction'] for cs141-w26-lab2c-ganeevsinghs
Missing ['reaction'] for cs141-w26-lab2b-riyapanche
2026-01-17 21:42:39,424 - DEBUG - Processing achakka24
2026-01-17 21:42:39,426 - DEBUG - 
           Student      ID  SIS User ID SIS Login ID  \
17  Chakka, Aditya  415542      2459393     achakka1   

                                         Section     Email Address  \
17  IN4MATX 101 LEC A: CONCEPT PGMG LANG (36040)  achakka1@uci.edu   

   GitHub Username Submitted  Reviews Assigned  Reviews Completed  Reactions  \
17       achakka24      True               2.0                2.0        0.0   

   Notes  
17        
2026-01-17 21:42:39,426 - DEBUG - Missing ['reaction'] for cs141-w26-lab2c-jiyu02
Missing ['reaction'] for cs141-w26-lab2a-hivgundamss
2026-01-17 21:42:39,426 - DEBUG - Processing itsmandrew
2026-01-17 21:42:39,436 - DEBUG - 
          Student      ID  SIS User ID SIS Login ID  \
18  Chang, Andrew  312010      1868607     changa17   

                                         Section     Email Address  \
18  COMPSCI 141 LEC A: CONCEPT PGMG LANG (34110)  changa17@uci.edu   

   GitHub Username Submitted  Reviews Assigned  Reviews Completed  Reactions  \
18      itsmandrew      True               2.0                0.0        0.0   

   Notes  
18        
2026-01-17 21:42:39,436 - DEBUG - Missing ['comment', 'reply'] for cs141-w26-lab2c-wendiiiiii
Missing ['comment', 'reply'] for cs141-w26-lab2c-jaack4
Missing ['reaction'] for cs141-w26-lab2c-wendiiiiii
Missing ['reaction'] for cs141-w26-lab2c-jaack4
2026-01-17 21:42:39,436 - DEBUG - Processing chriscc5
2026-01-17 21:42:39,438 - DEBUG - 
                       Student      ID  SIS User ID SIS Login ID  \
19  Chang, Christopher Che-Kai  407175      2351413     chriscc5   

                                         Section     Email Address  \
19  COMPSCI 141 LEC A: CONCEPT PGMG LANG (34110)  chriscc5@uci.edu   

   GitHub Username Submitted  Reviews Assigned  Reviews Completed  Reactions  \
19        chriscc5      True               2.0                2.0        0.0   

   Notes  
19        
2026-01-17 21:42:39,438 - DEBUG - Missing ['reaction'] for cs141-w26-lab2b-edenradulescu
Missing ['reaction'] for cs141-w26-lab2b-brandog2039
2026-01-17 21:42:39,439 - DEBUG - Processing twleochao
2026-01-17 21:42:39,440 - DEBUG - 
      Student      ID  SIS User ID SIS Login ID  \
20  Chao, Leo  413924      2337833      ychao13   

                                         Section    Email Address  \
20  COMPSCI 141 LEC A: CONCEPT PGMG LANG (34110)  ychao13@uci.edu   

   GitHub Username Submitted  Reviews Assigned  Reviews Completed  Reactions  \
20       twleochao      True               2.0                2.0        0.0   

   Notes  
20        
2026-01-17 21:42:39,440 - DEBUG - Missing ['reaction'] for cs141-w26-lab2a-AnviM1
Missing ['reaction'] for cs141-w26-lab2c-maburto19
2026-01-17 21:42:39,440 - DEBUG - Processing charcod-jpg
2026-01-17 21:42:39,442 - DEBUG - 
              Student      ID  SIS User ID SIS Login ID  \
21  Charco, Diego Jr.  414063      2353255      charcod   

                                         Section    Email Address  \
21  COMPSCI 141 LEC A: CONCEPT PGMG LANG (34110)  charcod@uci.edu   

   GitHub Username Submitted  Reviews Assigned  Reviews Completed  Reactions  \
21     charcod-jpg      True               2.0                2.0        0.0   

   Notes  
21        
2026-01-17 21:42:39,443 - DEBUG - Missing ['reaction'] for cs141-w26-lab2c-w4h009
Missing ['reaction'] for cs141-w26-lab2b-heechy33
2026-01-17 21:42:39,443 - DEBUG - Processing VictorChen26
2026-01-17 21:42:39,444 - DEBUG - 
                    Student      ID  SIS User ID SIS Login ID  \
22  Chen Jiang, Victor Jian  408084      2384551     vchenjia   

                                         Section     Email Address  \
22  IN4MATX 101 LEC A: CONCEPT PGMG LANG (36040)  vchenjia@uci.edu   

   GitHub Username Submitted  Reviews Assigned  Reviews Completed  Reactions  \
22    VictorChen26      True               0.0                0.0        0.0   

   Notes  
22        
2026-01-17 21:42:39,445 - DEBUG - 
2026-01-17 21:42:39,445 - DEBUG - Processing kristerduster
2026-01-17 21:42:39,446 - DEBUG - 
                  Student      ID  SIS User ID SIS Login ID  \
23  Chen, Kristen Abigail  414940      2344718      chenka3   

                                         Section    Email Address  \
23  COMPSCI 141 LEC A: CONCEPT PGMG LANG (34110)  chenka3@uci.edu   

   GitHub Username Submitted  Reviews Assigned  Reviews Completed  Reactions  \
23   kristerduster      True               2.0                2.0        0.0   

   Notes  
23        
2026-01-17 21:42:39,447 - DEBUG - Missing ['reaction'] for cs141-w26-lab2c-spencerleaf
Missing ['reaction'] for cs141-w26-lab2c-sasakip-uci-edu
2026-01-17 21:42:39,447 - DEBUG - Processing KunGeng
2026-01-17 21:42:39,448 - DEBUG - 
          Student      ID  SIS User ID SIS Login ID  \
24  Chen, Kungeng  375618      2233257     kungengc   

                                         Section     Email Address  \
24  COMPSCI 141 LEC A: CONCEPT PGMG LANG (34110)  kungengc@uci.edu   

   GitHub Username Submitted  Reviews Assigned  Reviews Completed  Reactions  \
24         KunGeng      True               2.0                2.0        0.0   

   Notes  
24        
2026-01-17 21:42:39,448 - DEBUG - Missing ['reaction'] for cs141-w26-lab2b-Epic-Mushroom
Missing ['reaction'] for cs141-w26-lab2b-lenat05
2026-01-17 21:42:39,448 - DEBUG - Processing nathanlcheng
2026-01-17 21:42:39,450 - DEBUG - 
              Student      ID  SIS User ID SIS Login ID  \
25  Cheng, Nathan Lee  445001      2586591     chengnl2   

                                         Section     Email Address  \
25  COMPSCI 141 LEC A: CONCEPT PGMG LANG (34110)  chengnl2@uci.edu   

   GitHub Username Submitted  Reviews Assigned  Reviews Completed  Reactions  \
25    nathanlcheng      True               2.0                2.0        0.0   

   Notes  
25        
2026-01-17 21:42:39,450 - DEBUG - Missing ['reaction'] for cs141-w26-lab2a-smuretta16
Missing ['reaction'] for cs141-w26-lab2a-QuocTrinh-hub
2026-01-17 21:42:39,450 - DEBUG - Processing echennau
2026-01-17 21:42:39,452 - DEBUG - 
                    Student      ID  SIS User ID SIS Login ID  \
26  Chennault, Ethan Daniel  414225      2359997     echennau   

                                         Section     Email Address  \
26  COMPSCI 141 LEC A: CONCEPT PGMG LANG (34110)  echennau@uci.edu   

   GitHub Username Submitted  Reviews Assigned  Reviews Completed  Reactions  \
26        echennau      True               2.0                2.0        0.0   

   Notes  
26        
2026-01-17 21:42:39,452 - DEBUG - Missing ['reaction'] for cs141-w26-lab2a-Tiffannyy
Missing ['reaction'] for cs141-w26-lab2a-nxphan-uci
2026-01-17 21:42:39,452 - DEBUG - Processing christianacho
2026-01-17 21:42:39,454 - DEBUG - 
                  Student      ID  SIS User ID SIS Login ID  \
27  Cho, Christiana Haeun  412137      2428298       choch4   

                                         Section   Email Address  \
27  COMPSCI 141 LEC A: CONCEPT PGMG LANG (34110)  choch4@uci.edu   

   GitHub Username Submitted  Reviews Assigned  Reviews Completed  Reactions  \
27   christianacho      True               2.0                0.0        0.0   

   Notes  
27        
2026-01-17 21:42:39,454 - DEBUG - Missing ['comment', 'reply'] for cs141-w26-lab2c-JimmyZzz30
Missing ['comment', 'reply'] for cs141-w26-lab2c-AshGasparyanCS
Missing ['reaction'] for cs141-w26-lab2c-JimmyZzz30
Missing ['reaction'] for cs141-w26-lab2c-AshGasparyanCS
2026-01-17 21:42:39,454 - DEBUG - Processing AntonioCuan
2026-01-17 21:42:39,456 - DEBUG - 
               Student      ID  SIS User ID SIS Login ID  \
28  Cuan, Antonio Joel  385993      2322795        cuana   

                                         Section  Email Address  \
28  COMPSCI 141 LEC A: CONCEPT PGMG LANG (34110)  cuana@uci.edu   

   GitHub Username Submitted  Reviews Assigned  Reviews Completed  Reactions  \
28     AntonioCuan      True               2.0                2.0        0.0   

   Notes  
28        
2026-01-17 21:42:39,456 - DEBUG - Missing ['reaction'] for cs141-w26-lab2b-sradisay
Missing ['reaction'] for cs141-w26-lab2b-achakka24
2026-01-17 21:42:39,456 - DEBUG - Processing cusianovic
2026-01-17 21:42:39,458 - DEBUG - 
                  Student      ID  SIS User ID SIS Login ID  \
29  Cusianovic, Sebastian  455929      2214118     scusiano   

                                         Section     Email Address  \
29  COMPSCI 141 LEC A: CONCEPT PGMG LANG (34110)  scusiano@uci.edu   

   GitHub Username Submitted  Reviews Assigned  Reviews Completed  Reactions  \
29      cusianovic      True               2.0                0.0        0.0   

   Notes  
29        
2026-01-17 21:42:39,458 - DEBUG - Missing ['comment', 'reply'] for cs141-w26-lab2b-jasonbm2
Missing ['comment', 'reply'] for cs141-w26-lab2a-ethanvotran20
Missing ['reaction'] for cs141-w26-lab2b-jasonbm2
Missing ['reaction'] for cs141-w26-lab2a-ethanvotran20
2026-01-17 21:42:39,458 - DEBUG - Processing laggycomputer
2026-01-17 21:42:39,460 - DEBUG - 
       Student      ID  SIS User ID SIS Login ID  \
30  Dam, Dante  456721      2624976        ddam1   

                                         Section  Email Address  \
30  COMPSCI 141 LEC A: CONCEPT PGMG LANG (34110)  ddam1@uci.edu   

   GitHub Username Submitted  Reviews Assigned  Reviews Completed  Reactions  \
30   laggycomputer      True               2.0                2.0        0.0   

   Notes  
30        
2026-01-17 21:42:39,460 - DEBUG - Missing ['reaction'] for cs141-w26-lab2b-ninal11
Missing ['reaction'] for cs141-w26-lab2c-charlesyeh-1103
2026-01-17 21:42:39,460 - DEBUG - Processing QNDang
2026-01-17 21:42:39,462 - DEBUG - 
           Student      ID  SIS User ID SIS Login ID  \
31  Dang, Nam Pham  447949      1870006       dangqp   

                                         Section   Email Address  \
31  COMPSCI 141 LEC A: CONCEPT PGMG LANG (34110)  dangqp@uci.edu   

   GitHub Username Submitted  Reviews Assigned  Reviews Completed  Reactions  \
31          QNDang      True               2.0                0.0        0.0   

   Notes  
31        
2026-01-17 21:42:39,462 - DEBUG - Missing ['comment', 'reply'] for cs141-w26-lab2b-daviddeng0smm
Missing ['comment', 'reply'] for cs141-w26-lab2b-edenradulescu
Missing ['reaction'] for cs141-w26-lab2b-daviddeng0smm
Missing ['reaction'] for cs141-w26-lab2b-edenradulescu
2026-01-17 21:42:39,462 - DEBUG - Processing daviddeng0smm
2026-01-17 21:42:39,464 - DEBUG - 
        Student      ID  SIS User ID SIS Login ID  \
32  Deng, David  410169      2243857      jiahad3   

                                         Section    Email Address  \
32  COMPSCI 141 LEC A: CONCEPT PGMG LANG (34110)  jiahad3@uci.edu   

   GitHub Username Submitted  Reviews Assigned  Reviews Completed  Reactions  \
32   daviddeng0smm      True               2.0                2.0        0.0   

   Notes  
32        
2026-01-17 21:42:39,464 - DEBUG - Missing ['reaction'] for cs141-w26-lab2c-aditkantak
Missing ['reaction'] for cs141-w26-lab2c-MubaiLi222
2026-01-17 21:42:39,464 - DEBUG - Processing jjdonckels
2026-01-17 21:42:39,466 - DEBUG - 
                   Student      ID  SIS User ID SIS Login ID  \
33  Donckels, James Joseph  449813      2303741     donckelj   

                                         Section     Email Address  \
33  IN4MATX 101 LEC A: CONCEPT PGMG LANG (36040)  donckelj@uci.edu   

   GitHub Username Submitted  Reviews Assigned  Reviews Completed  Reactions  \
33      jjdonckels      True               2.0                2.0        0.0   

   Notes  
33        
2026-01-17 21:42:39,466 - DEBUG - Missing ['reaction'] for cs141-w26-lab2b-TJHomeworkHub
Missing ['reaction'] for cs141-w26-lab2b-yilis15
2026-01-17 21:42:39,466 - DEBUG - Processing wdrobish
2026-01-17 21:42:39,468 - DEBUG - 
          Student      ID  SIS User ID SIS Login ID  \
34  Drobish, Liam  415278      2456278     wdrobish   

                                         Section     Email Address  \
34  COMPSCI 141 LEC A: CONCEPT PGMG LANG (34110)  wdrobish@uci.edu   

   GitHub Username Submitted  Reviews Assigned  Reviews Completed  Reactions  \
34        wdrobish      True               2.0                2.0        0.0   

   Notes  
34        
2026-01-17 21:42:39,468 - DEBUG - Missing ['reaction'] for cs141-w26-lab2b-ryanrT27
Missing ['reaction'] for cs141-w26-lab2b-Dpoin23
2026-01-17 21:42:39,468 - DEBUG - Processing duyaj
2026-01-17 21:42:39,469 - DEBUG - 
           Student      ID  SIS User ID SIS Login ID  \
35  Duya, Jonathan  379247      2275766        duyaj   

                                         Section  Email Address  \
35  COMPSCI 141 LEC A: CONCEPT PGMG LANG (34110)  duyaj@uci.edu   

   GitHub Username Submitted  Reviews Assigned  Reviews Completed  Reactions  \
35           duyaj      True               2.0                2.0        0.0   

   Notes  
35        
2026-01-17 21:42:39,470 - DEBUG - Missing ['reaction'] for cs141-w26-lab2a-pub1icstaticvoid
Missing ['reaction'] for cs141-w26-lab2b-oglantz
2026-01-17 21:42:39,470 - DEBUG - Processing BrittenEtchison
2026-01-17 21:42:39,472 - DEBUG - 
                      Student      ID  SIS User ID SIS Login ID  \
36  Etchison, Britten Kenneth  408626      2404085     betchiso   

                                         Section     Email Address  \
36  COMPSCI 141 LEC A: CONCEPT PGMG LANG (34110)  betchiso@uci.edu   

    GitHub Username Submitted  Reviews Assigned  Reviews Completed  Reactions  \
36  BrittenEtchison      True               2.0                0.0        0.0   

   Notes  
36        
2026-01-17 21:42:39,472 - DEBUG - Missing ['comment', 'reply'] for cs141-w26-lab2c-MNUQUI
Missing ['comment', 'reply'] for cs141-w26-lab2a-emiliolim
Missing ['reaction'] for cs141-w26-lab2c-MNUQUI
Missing ['reaction'] for cs141-w26-lab2a-emiliolim
2026-01-17 21:42:39,472 - DEBUG - Processing jifanf1
2026-01-17 21:42:39,474 - DEBUG - 
        Student      ID  SIS User ID SIS Login ID  \
37  Fang, Jifan  456425      2628348      jifanf1   

                                         Section    Email Address  \
37  COMPSCI 141 LEC A: CONCEPT PGMG LANG (34110)  jifanf1@uci.edu   

   GitHub Username Submitted  Reviews Assigned  Reviews Completed  Reactions  \
37         jifanf1      True               2.0                2.0        0.0   

   Notes  
37        
2026-01-17 21:42:39,474 - DEBUG - Missing ['reaction'] for cs141-w26-lab2a-pr1vatestaticfinal
Missing ['reaction'] for cs141-w26-lab2a-ethanvotran20
2026-01-17 21:42:39,474 - DEBUG - Processing AidenFavish
2026-01-17 21:42:39,476 - DEBUG - 
                  Student      ID  SIS User ID SIS Login ID  \
38  Favish, Aiden Michael  443763      2500953      afavish   

                                         Section          Email Address  \
38  COMPSCI 141 LEC A: CONCEPT PGMG LANG (34110)  aidenfavish@gmail.com   

   GitHub Username Submitted  Reviews Assigned  Reviews Completed  Reactions  \
38     AidenFavish      True               2.0                2.0        0.0   

   Notes  
38        
2026-01-17 21:42:39,476 - DEBUG - Missing ['reaction'] for cs141-w26-lab2c-rheajethvani
Missing ['reaction'] for cs141-w26-lab2c-EpicToastTM
2026-01-17 21:42:39,476 - DEBUG - Processing jordan-m-finn
2026-01-17 21:42:39,478 - DEBUG - 
                  Student      ID  SIS User ID SIS Login ID  \
39  Finn, Jordan Marshall  444866      2580274       finnj1   

                                         Section   Email Address  \
39  COMPSCI 141 LEC A: CONCEPT PGMG LANG (34110)  finnj1@uci.edu   

   GitHub Username Submitted  Reviews Assigned  Reviews Completed  Reactions  \
39   jordan-m-finn      True               2.0                2.0        0.0   

   Notes  
39        
2026-01-17 21:42:39,478 - DEBUG - Missing ['reaction'] for cs141-w26-lab2c-LittleLion930
Missing ['reaction'] for cs141-w26-lab2c-mjliu5
2026-01-17 21:42:39,478 - DEBUG - Processing AshGasparyanCS
2026-01-17 21:42:39,480 - DEBUG - 
             Student      ID  SIS User ID SIS Login ID  \
40  Gasparyan, Ashot  457297      2551519      ashotg2   

                                         Section    Email Address  \
40  COMPSCI 141 LEC A: CONCEPT PGMG LANG (34110)  ashotg2@uci.edu   

   GitHub Username Submitted  Reviews Assigned  Reviews Completed  Reactions  \
40  AshGasparyanCS      True               2.0                2.0        0.0   

   Notes  
40        
2026-01-17 21:42:39,480 - DEBUG - Missing ['reaction'] for cs141-w26-lab2a-ebangerz
Missing ['reaction'] for cs141-w26-lab2b-sehop1-source
2026-01-17 21:42:39,480 - DEBUG - Processing winstonjgiang
2026-01-17 21:42:39,482 - DEBUG - 
                Student      ID  SIS User ID SIS Login ID  \
41  Giang, Winston John  456458      2074070      wjgiang   

                                         Section    Email Address  \
41  IN4MATX 101 LEC A: CONCEPT PGMG LANG (36040)  wjgiang@uci.edu   

   GitHub Username Submitted  Reviews Assigned  Reviews Completed  Reactions  \
41   winstonjgiang      True               2.0                2.0        0.0   

   Notes  
41        
2026-01-17 21:42:39,482 - DEBUG - Missing ['reaction'] for cs141-w26-lab2c-thomasn05
Missing ['reaction'] for cs141-w26-lab2a-JordanPham2002
2026-01-17 21:42:39,482 - DEBUG - Processing oglantz
2026-01-17 21:42:39,484 - DEBUG - 
         Student      ID  SIS User ID SIS Login ID  \
42  Glantz, Owen  382356      2194661      oglantz   

                                         Section    Email Address  \
42  COMPSCI 141 LEC A: CONCEPT PGMG LANG (34110)  oglantz@uci.edu   

   GitHub Username Submitted  Reviews Assigned  Reviews Completed  Reactions  \
42         oglantz      True               2.0                2.0        0.0   

   Notes  
42        
2026-01-17 21:42:39,484 - DEBUG - Missing ['reaction'] for cs141-w26-lab2a-Jthoeung
Missing ['reaction'] for cs141-w26-lab2c-EpicToastTM
2026-01-17 21:42:39,484 - DEBUG - Processing devg1ics
2026-01-17 21:42:39,486 - DEBUG - 
      Student      ID  SIS User ID SIS Login ID  \
43  Goel, Dev  409493      2436257        devg1   

                                         Section  Email Address  \
43  COMPSCI 141 LEC A: CONCEPT PGMG LANG (34110)  devg1@uci.edu   

   GitHub Username Submitted  Reviews Assigned  Reviews Completed  Reactions  \
43        devg1ics      True               2.0                2.0        0.0   

   Notes  
43        
2026-01-17 21:42:39,486 - DEBUG - Missing ['reaction'] for cs141-w26-lab2a-clairdelunesolace
Missing ['reaction'] for cs141-w26-lab2a-JordanPham2002
2026-01-17 21:42:39,486 - DEBUG - Processing ariyagowda
2026-01-17 21:42:39,488 - DEBUG - 
         Student      ID  SIS User ID SIS Login ID  \
44  Gowda, Ariya  378038      2268927       ariyag   

                                         Section   Email Address  \
44  IN4MATX 101 LEC A: CONCEPT PGMG LANG (36040)  ariyag@uci.edu   

   GitHub Username Submitted  Reviews Assigned  Reviews Completed  Reactions  \
44      ariyagowda      True               2.0                2.0        0.0   

   Notes  
44        
2026-01-17 21:42:39,488 - DEBUG - Missing ['reaction'] for cs141-w26-lab2b-jifanf1
Missing ['reaction'] for cs141-w26-lab2b-Alexander-Tu2
2026-01-17 21:42:39,488 - DEBUG - Processing iamshauryag
2026-01-17 21:42:39,490 - DEBUG - 
           Student      ID  SIS User ID SIS Login ID  \
45  Gupta, Shaurya  413738      2446460     shauryg2   

                                         Section     Email Address  \
45  COMPSCI 141 LEC A: CONCEPT PGMG LANG (34110)  shauryg2@uci.edu   

   GitHub Username Submitted  Reviews Assigned  Reviews Completed  Reactions  \
45     iamshauryag      True               2.0                2.0        0.0   

   Notes  
45        
2026-01-17 21:42:39,490 - DEBUG - Missing ['reaction'] for cs141-w26-lab2b-EliranAvigani
Missing ['reaction'] for cs141-w26-lab2b-yuchuehw
2026-01-17 21:42:39,490 - DEBUG - Processing vatsag-06
2026-01-17 21:42:39,492 - DEBUG - 
         Student      ID  SIS User ID SIS Login ID  \
46  Gupta, Vatsa  414920      2343411       vatsag   

                                         Section   Email Address  \
46  COMPSCI 141 LEC A: CONCEPT PGMG LANG (34110)  vatsag@uci.edu   

   GitHub Username Submitted  Reviews Assigned  Reviews Completed  Reactions  \
46       vatsag-06      True               2.0                2.0        0.0   

   Notes  
46        
2026-01-17 21:42:39,492 - DEBUG - Missing ['reaction'] for cs141-w26-lab2b-Kraufdeen
Missing ['reaction'] for cs141-w26-lab2a-jordan-m-finn
2026-01-17 21:42:39,492 - DEBUG - Processing kevinh-a
2026-01-17 21:42:39,494 - DEBUG - 
           Student      ID  SIS User ID SIS Login ID  \
47  Ha, Kevin Cong  412443      2429566        kcha3   

                                         Section  Email Address  \
47  COMPSCI 141 LEC A: CONCEPT PGMG LANG (34110)  kcha3@uci.edu   

   GitHub Username Submitted  Reviews Assigned  Reviews Completed  Reactions  \
47        kevinh-a      True               2.0                2.0        0.0   

   Notes  
47        
2026-01-17 21:42:39,494 - DEBUG - Missing ['reaction'] for cs141-w26-lab2b-BrittenEtchison
Missing ['reaction'] for cs141-w26-lab2b-christianacho
2026-01-17 21:42:39,494 - DEBUG - Processing lukashauge
2026-01-17 21:42:39,496 - DEBUG - 
                 Student      ID  SIS User ID SIS Login ID  \
48  Hauge, Lukas Fredrik  413990      2343955       lhauge   

                                         Section   Email Address  \
48  COMPSCI 141 LEC A: CONCEPT PGMG LANG (34110)  lhauge@uci.edu   

   GitHub Username Submitted  Reviews Assigned  Reviews Completed  Reactions  \
48      lukashauge      True               2.0                0.0        0.0   

   Notes  
48        
2026-01-17 21:42:39,496 - DEBUG - Missing ['comment', 'reply'] for cs141-w26-lab2b-firewuf
Missing ['comment', 'reply'] for cs141-w26-lab2c-dsilluci
Missing ['reaction'] for cs141-w26-lab2b-firewuf
Missing ['reaction'] for cs141-w26-lab2c-dsilluci
2026-01-17 21:42:39,496 - DEBUG - Processing techsgithub
2026-01-17 21:42:39,498 - DEBUG - 
          Student      ID  SIS User ID SIS Login ID  \
49  Ho, Teck Yuan  349110      2101962        teckh   

                                         Section  Email Address  \
49  COMPSCI 141 LEC A: CONCEPT PGMG LANG (34110)  teckh@uci.edu   

   GitHub Username Submitted  Reviews Assigned  Reviews Completed  Reactions  \
49     techsgithub      True               2.0                2.0        0.0   

   Notes  
49        
2026-01-17 21:42:39,498 - DEBUG - Missing ['reaction'] for cs141-w26-lab2a-ebangerz
Missing ['reaction'] for cs141-w26-lab2c-seungl25
2026-01-17 21:42:39,498 - DEBUG - Processing manihomafar
2026-01-17 21:42:39,499 - DEBUG - 
          Student      ID  SIS User ID SIS Login ID  \
50  Homafar, Mani  286399      1808402     mhomafar   

                                         Section     Email Address  \
50  IN4MATX 101 LEC A: CONCEPT PGMG LANG (36040)  mhomafar@uci.edu   

   GitHub Username Submitted  Reviews Assigned  Reviews Completed  Reactions  \
50     manihomafar      True               2.0                2.0        0.0   

   Notes  
50        
2026-01-17 21:42:39,500 - DEBUG - Missing ['reaction'] for cs141-w26-lab2c-AshGasparyanCS
Missing ['reaction'] for cs141-w26-lab2c-AntonioCuan
2026-01-17 21:42:39,500 - DEBUG - Processing HsuAustin
2026-01-17 21:42:39,501 - DEBUG - 
         Student      ID  SIS User ID SIS Login ID  \
51  Hsu, Chi-Min  382622      2305767     chiminh1   

                                         Section     Email Address  \
51  COMPSCI 141 LEC A: CONCEPT PGMG LANG (34110)  chiminh1@uci.edu   

   GitHub Username Submitted  Reviews Assigned  Reviews Completed  Reactions  \
51       HsuAustin      True               2.0                2.0        0.0   

   Notes  
51        
2026-01-17 21:42:39,502 - DEBUG - Missing ['reaction'] for cs141-w26-lab2a-NvyGreen
Missing ['reaction'] for cs141-w26-lab2a-axelwennerlund
2026-01-17 21:42:39,502 - DEBUG - Processing AllyBeary
2026-01-17 21:42:39,503 - DEBUG - 
              Student      ID  SIS User ID SIS Login ID  \
52  Hua, Allison Tran  445868      2241728        huaat   

                                         Section  Email Address  \
52  IN4MATX 101 LEC A: CONCEPT PGMG LANG (36040)  huaat@uci.edu   

   GitHub Username Submitted  Reviews Assigned  Reviews Completed  Reactions  \
52       AllyBeary      True               2.0                2.0        0.0   

   Notes  
52        
2026-01-17 21:42:39,504 - DEBUG - Missing ['reaction'] for cs141-w26-lab2c-1JunHuang
Missing ['reaction'] for cs141-w26-lab2c-jjdonckels
2026-01-17 21:42:39,504 - DEBUG - Processing 1JunHuang
2026-01-17 21:42:39,505 - DEBUG - 
         Student      ID  SIS User ID SIS Login ID  \
53  Huang, Yijun  411557      2417525      yijuh11   

                                         Section        Email Address  \
53  COMPSCI 141 LEC A: CONCEPT PGMG LANG (34110)  hiahiahyj@gmail.com   

   GitHub Username Submitted  Reviews Assigned  Reviews Completed  Reactions  \
53       1JunHuang      True               2.0                2.0        0.0   

   Notes  
53        
2026-01-17 21:42:39,506 - DEBUG - Missing ['reaction'] for cs141-w26-lab2b-alvarov17
Missing ['reaction'] for cs141-w26-lab2b-sehop1-source
2026-01-17 21:42:39,506 - DEBUG - Processing sahirsh
2026-01-17 21:42:39,507 - DEBUG - 
                   Student      ID  SIS User ID SIS Login ID  \
54  Hussain, Sahir Shaukat  443720      2220392       sahirh   

                                         Section   Email Address  \
54  COMPSCI 141 LEC A: CONCEPT PGMG LANG (34110)  sahirh@uci.edu   

   GitHub Username Submitted  Reviews Assigned  Reviews Completed  Reactions  \
54         sahirsh      True               2.0                2.0        1.0   

   Notes  
54        
2026-01-17 21:42:39,507 - DEBUG - Missing ['reaction'] for cs141-w26-lab2a-Tiffannyy
2026-01-17 21:42:39,507 - DEBUG - Processing laurajacint0
2026-01-17 21:42:39,509 - DEBUG - 
                  Student      ID  SIS User ID SIS Login ID  \
55  Jacinto, Laura Yatzil  378626      2183871     lyjacint   

                                         Section     Email Address  \
55  COMPSCI 141 LEC A: CONCEPT PGMG LANG (34110)  lyjacint@uci.edu   

   GitHub Username Submitted  Reviews Assigned  Reviews Completed  Reactions  \
55    laurajacint0      True               2.0                2.0        0.0   

   Notes  
55        
2026-01-17 21:42:39,509 - DEBUG - Missing ['reaction'] for cs141-w26-lab2c-varunia2
Missing ['reaction'] for cs141-w26-lab2b-sahirss
2026-01-17 21:42:39,509 - DEBUG - Processing rheajethvani
2026-01-17 21:42:39,511 - DEBUG - 
                  Student      ID  SIS User ID SIS Login ID  \
56  Jethvani, Rhea Ramesh  381476      2262308     rjethvan   

                                         Section     Email Address  \
56  COMPSCI 141 LEC A: CONCEPT PGMG LANG (34110)  rjethvan@uci.edu   

   GitHub Username Submitted  Reviews Assigned  Reviews Completed  Reactions  \
56    rheajethvani      True               2.0                2.0        0.0   

   Notes  
56        
2026-01-17 21:42:39,511 - DEBUG - Missing ['reaction'] for cs141-w26-lab2b-christinne-n
Missing ['reaction'] for cs141-w26-lab2a-axelwennerlund
2026-01-17 21:42:39,511 - DEBUG - Processing TJHomeworkHub
2026-01-17 21:42:39,513 - DEBUG - 
      Student      ID  SIS User ID SIS Login ID  \
57  Jin, Tian  448905      2564803       tjin13   

                                         Section   Email Address  \
57  IN4MATX 101 LEC A: CONCEPT PGMG LANG (36040)  tjin13@uci.edu   

   GitHub Username Submitted  Reviews Assigned  Reviews Completed  Reactions  \
57   TJHomeworkHub      True               2.0                2.0        0.0   

   Notes  
57        
2026-01-17 21:42:39,513 - DEBUG - Missing ['reaction'] for cs141-w26-lab2a-QuocTrinh-hub
Missing ['reaction'] for cs141-w26-lab2a-JustinLi212
2026-01-17 21:42:39,513 - DEBUG - Processing rsljhns
2026-01-17 21:42:39,515 - DEBUG - 
                       Student      ID  SIS User ID SIS Login ID  \
58  Johanes, Russell Christian  387161      2217642     rjohanes   

                                         Section     Email Address  \
58  COMPSCI 141 LEC A: CONCEPT PGMG LANG (34110)  rjohanes@uci.edu   

   GitHub Username Submitted  Reviews Assigned  Reviews Completed  Reactions  \
58         rsljhns      True               2.0                2.0        0.0   

   Notes  
58        
2026-01-17 21:42:39,515 - DEBUG - Missing ['reaction'] for cs141-w26-lab2b-x1d1
Missing ['reaction'] for cs141-w26-lab2b-drewreed2005
2026-01-17 21:42:39,515 - DEBUG - Processing gcjong030
2026-01-17 21:42:39,517 - DEBUG - 
                Student      ID  SIS User ID SIS Login ID  \
59  Jong, Grace Chen En  376103      2175608       gcjong   

                                         Section   Email Address  \
59  IN4MATX 101 LEC A: CONCEPT PGMG LANG (36040)  gcjong@uci.edu   

   GitHub Username Submitted  Reviews Assigned  Reviews Completed  Reactions  \
59       gcjong030      True               2.0                2.0        0.0   

   Notes  
59        
2026-01-17 21:42:39,517 - DEBUG - Missing ['reaction'] for cs141-w26-lab2b-joolenn
Missing ['reaction'] for cs141-w26-lab2b-echennau
2026-01-17 21:42:39,517 - DEBUG - Processing Dhivyno
2026-01-17 21:42:39,519 - DEBUG - 
                  Student      ID  SIS User ID SIS Login ID  \
60  Kanagasabai, Dhivyesh  444544      2554742     dkanagas   

                                         Section     Email Address  \
60  COMPSCI 141 LEC A: CONCEPT PGMG LANG (34110)  dkanagas@uci.edu   

   GitHub Username Submitted  Reviews Assigned  Reviews Completed  Reactions  \
60         Dhivyno      True               2.0                0.0        0.0   

   Notes  
60        
2026-01-17 21:42:39,519 - DEBUG - Missing ['comment', 'reply'] for cs141-w26-lab2c-haoqp1
Missing ['comment', 'reply'] for cs141-w26-lab2c-20chino05
Missing ['reaction'] for cs141-w26-lab2c-haoqp1
Missing ['reaction'] for cs141-w26-lab2c-20chino05
2026-01-17 21:42:39,519 - DEBUG - Processing aditkantak
2026-01-17 21:42:39,520 - DEBUG - 
                Student      ID  SIS User ID SIS Login ID  \
61  Kantak, Adit Pravin  444885      2582890     apkantak   

                                         Section     Email Address  \
61  COMPSCI 141 LEC A: CONCEPT PGMG LANG (34110)  apkantak@uci.edu   

   GitHub Username Submitted  Reviews Assigned  Reviews Completed  Reactions  \
61      aditkantak      True               2.0                2.0        0.0   

   Notes  
61        
2026-01-17 21:42:39,521 - DEBUG - Missing ['reaction'] for cs141-w26-lab2a-KayleTruong
Missing ['reaction'] for cs141-w26-lab2b-avanaaap
2026-01-17 21:42:39,521 - DEBUG - Processing dragonkeon
2026-01-17 21:42:39,522 - DEBUG - 
               Student      ID  SIS User ID SIS Login ID  \
62  Keonorasak, Dragon  408305      2386236     dkeonora   

                                         Section     Email Address  \
62  IN4MATX 101 LEC A: CONCEPT PGMG LANG (36040)  dkeonora@uci.edu   

   GitHub Username Submitted  Reviews Assigned  Reviews Completed  Reactions  \
62      dragonkeon      True               2.0                0.0        0.0   

   Notes  
62        
2026-01-17 21:42:39,522 - DEBUG - Missing ['comment', 'reply'] for cs141-w26-lab2c-yeqiw1
Missing ['comment', 'reply'] for cs141-w26-lab2a-Atif-Ahmad
Missing ['reaction'] for cs141-w26-lab2c-yeqiw1
Missing ['reaction'] for cs141-w26-lab2a-Atif-Ahmad
2026-01-17 21:42:39,522 - DEBUG - Processing Neilk1021
2026-01-17 21:42:39,524 - DEBUG - 
                  Student      ID  SIS User ID SIS Login ID  \
63  Ketteringham, Neil A.  448235      2522237     nketteri   

                                         Section     Email Address  \
63  COMPSCI 141 LEC A: CONCEPT PGMG LANG (34110)  nketteri@uci.edu   

   GitHub Username Submitted  Reviews Assigned  Reviews Completed  Reactions  \
63       Neilk1021      True               2.0                2.0        0.0   

   Notes  
63        
2026-01-17 21:42:39,524 - DEBUG - Missing ['reaction'] for cs141-w26-lab2b-avanaaap
Missing ['reaction'] for cs141-w26-lab2b-Wheeledparasite
2026-01-17 21:42:39,524 - DEBUG - Processing noahk004
2026-01-17 21:42:39,526 - DEBUG - 
               Student      ID  SIS User ID SIS Login ID  \
64  Kim, Noah Minjoong  409223      2408121      noahmk1   

                                         Section    Email Address  \
64  COMPSCI 141 LEC A: CONCEPT PGMG LANG (34110)  noahmk1@uci.edu   

   GitHub Username Submitted  Reviews Assigned  Reviews Completed  Reactions  \
64        noahk004      True               2.0                1.0        0.0   

   Notes  
64        
2026-01-17 21:42:39,526 - DEBUG - Missing ['comment', 'reply'] for cs141-w26-lab2c-aputty11
Missing ['reaction'] for cs141-w26-lab2c-jjdonckels
Missing ['reaction'] for cs141-w26-lab2c-aputty11
2026-01-17 21:42:39,526 - DEBUG - Processing timkim0106
2026-01-17 21:42:39,528 - DEBUG - 
         Student      ID  SIS User ID SIS Login ID  \
65  Kim, Timothy  458821      1671595       tkim12   

                                         Section   Email Address  \
65  COMPSCI 141 LEC A: CONCEPT PGMG LANG (34110)  tkim12@uci.edu   

   GitHub Username Submitted  Reviews Assigned  Reviews Completed  Reactions  \
65      timkim0106      True               2.0                2.0        0.0   

   Notes  
65        
2026-01-17 21:42:39,528 - DEBUG - Missing ['reaction'] for cs141-w26-lab2c-xsjsgfdysd
Missing ['reaction'] for cs141-w26-lab2a-PNZ-z
2026-01-17 21:42:39,528 - DEBUG - Processing Ava-Kopecky
2026-01-17 21:42:39,530 - DEBUG - 
                  Student      ID  SIS User ID SIS Login ID  \
66  Kopecky, Ava Angelina  409616      2416477     kopeckya   

                                         Section     Email Address  \
66  COMPSCI 141 LEC A: CONCEPT PGMG LANG (34110)  kopeckya@uci.edu   

   GitHub Username Submitted  Reviews Assigned  Reviews Completed  Reactions  \
66     Ava-Kopecky      True               2.0                2.0        0.0   

   Notes  
66        
2026-01-17 21:42:39,530 - DEBUG - Missing ['reaction'] for cs141-w26-lab2b-LentKe
Missing ['reaction'] for cs141-w26-lab2a-moonluno
2026-01-17 21:42:39,530 - DEBUG - Processing rykubota
2026-01-17 21:42:39,532 - DEBUG - 
         Student      ID  SIS User ID SIS Login ID  \
67  Kubota, Ryan  459039      2398790     rykubota   

                                         Section     Email Address  \
67  COMPSCI 141 LEC A: CONCEPT PGMG LANG (34110)  rykubota@uci.edu   

   GitHub Username Submitted  Reviews Assigned  Reviews Completed  Reactions  \
67        rykubota      True               2.0                2.0        0.0   

   Notes  
67        
2026-01-17 21:42:39,532 - DEBUG - Missing ['reaction'] for cs141-w26-lab2c-LittleLion930
Missing ['reaction'] for cs141-w26-lab2c-wdrobish
2026-01-17 21:42:39,532 - DEBUG - Processing arjunk76
2026-01-17 21:42:39,534 - DEBUG - 
            Student      ID  SIS User ID SIS Login ID  \
68  Kulkarni, Arjun  448123      2622401     akulkar6   

                                         Section     Email Address  \
68  COMPSCI 141 LEC A: CONCEPT PGMG LANG (34110)  akulkar6@uci.edu   

   GitHub Username Submitted  Reviews Assigned  Reviews Completed  Reactions  \
68        arjunk76      True               2.0                2.0        0.0   

   Notes  
68        
2026-01-17 21:42:39,534 - DEBUG - Missing ['reaction'] for cs141-w26-lab2b-joshngn
Missing ['reaction'] for cs141-w26-lab2b-CyanAnteater
2026-01-17 21:42:39,534 - DEBUG - Processing LentKe
2026-01-17 21:42:39,535 - DEBUG - 
             Student      ID  SIS User ID SIS Login ID  \
69  Le, Kent Anthony  414273      2448983         leqk   

                                         Section Email Address  \
69  IN4MATX 101 LEC A: CONCEPT PGMG LANG (36040)  leqk@uci.edu   

   GitHub Username Submitted  Reviews Assigned  Reviews Completed  Reactions  \
69          LentKe      True               2.0                1.0        0.0   

   Notes  
69        
2026-01-17 21:42:39,536 - DEBUG - Missing ['comment', 'reply'] for cs141-w26-lab2c-NotJonny1
Missing ['reaction'] for cs141-w26-lab2c-NotJonny1
Missing ['reaction'] for cs141-w26-lab2c-charlesyeh-1103
2026-01-17 21:42:39,536 - DEBUG - Processing ninal11
2026-01-17 21:42:39,537 - DEBUG - 
     Student      ID  SIS User ID SIS Login ID  \
70  Le, Nina  411978      2422578      ninal11   

                                         Section    Email Address  \
70  COMPSCI 141 LEC A: CONCEPT PGMG LANG (34110)  ninal11@uci.edu   

   GitHub Username Submitted  Reviews Assigned  Reviews Completed  Reactions  \
70         ninal11      True               2.0                2.0        0.0   

   Notes  
70        
2026-01-17 21:42:39,538 - DEBUG - Missing ['reaction'] for cs141-w26-lab2a-Jajavon
Missing ['reaction'] for cs141-w26-lab2c-jaack4
2026-01-17 21:42:39,538 - DEBUG - Processing spencerleaf
2026-01-17 21:42:39,541 - DEBUG - 
                      Student      ID  SIS User ID SIS Login ID  \
71  Leaf, Spencer Arvid Royal  414161      2337002        leafs   

                                         Section  \
71  COMPSCI 141 LEC A: CONCEPT PGMG LANG (34110)   

                   Email Address GitHub Username Submitted  Reviews Assigned  \
71  therealspencerleaf@gmail.com     spencerleaf      True               2.0   

    Reviews Completed  Reactions Notes  
71                0.0        0.0        
2026-01-17 21:42:39,542 - DEBUG - Missing ['comment', 'reply'] for cs141-w26-lab2b-EliranAvigani
Missing ['comment', 'reply'] for cs141-w26-lab2b-nathanlcheng
Missing ['reaction'] for cs141-w26-lab2b-EliranAvigani
Missing ['reaction'] for cs141-w26-lab2b-nathanlcheng
2026-01-17 21:42:39,542 - DEBUG - Processing leec00260
2026-01-17 21:42:39,544 - DEBUG - 
      Student      ID  SIS User ID SIS Login ID  \
72  Lee, Anna  412236      2441790     chaeeul3   

                                         Section     Email Address  \
72  COMPSCI 141 LEC A: CONCEPT PGMG LANG (34110)  chaeeul3@uci.edu   

   GitHub Username Submitted  Reviews Assigned  Reviews Completed  Reactions  \
72       leec00260      True               0.0                0.0        0.0   

   Notes  
72        
2026-01-17 21:42:39,544 - DEBUG - 
2026-01-17 21:42:39,544 - DEBUG - Processing Lekzs
2026-01-17 21:42:39,546 - DEBUG - 
               Student      ID  SIS User ID SIS Login ID  \
73  Lee, Daniel Junhee  444895      2586094      djlee20   

                                         Section           Email Address  \
73  COMPSCI 141 LEC A: CONCEPT PGMG LANG (34110)  daniel122630@gmail.com   

   GitHub Username Submitted  Reviews Assigned  Reviews Completed  Reactions  \
73           Lekzs      True               2.0                2.0        0.0   

   Notes  
73        
2026-01-17 21:42:39,546 - DEBUG - Missing ['reaction'] for cs141-w26-lab2b-timkim0106
Missing ['reaction'] for cs141-w26-lab2a-PNZ-z
2026-01-17 21:42:39,546 - DEBUG - Processing seungl25
2026-01-17 21:42:39,548 - DEBUG - 
          Student      ID  SIS User ID SIS Login ID  \
74  Lee, Seungmin  443855      2035866     seungl25   

                                         Section     Email Address  \
74  COMPSCI 141 LEC A: CONCEPT PGMG LANG (34110)  seungl25@uci.edu   

   GitHub Username Submitted  Reviews Assigned  Reviews Completed  Reactions  \
74        seungl25      True               2.0                1.0        0.0   

   Notes  
74        
2026-01-17 21:42:39,548 - DEBUG - Missing ['comment', 'reply'] for cs141-w26-lab2b-twleochao
Missing ['reaction'] for cs141-w26-lab2b-twleochao
Missing ['reaction'] for cs141-w26-lab2a-kamyyywang
2026-01-17 21:42:39,548 - DEBUG - Processing sunjaelee3
2026-01-17 21:42:39,550 - DEBUG - 
        Student      ID  SIS User ID SIS Login ID  \
75  Lee, Sunjae  349124      2099898     sunjael3   

                                         Section     Email Address  \
75  COMPSCI 141 LEC A: CONCEPT PGMG LANG (34110)  sunjael3@uci.edu   

   GitHub Username Submitted  Reviews Assigned  Reviews Completed  Reactions  \
75      sunjaelee3      True               2.0                2.0        0.0   

   Notes  
75        
2026-01-17 21:42:39,550 - DEBUG - Missing ['reaction'] for cs141-w26-lab2b-riyapanche
Missing ['reaction'] for cs141-w26-lab2b-oglantz
2026-01-17 21:42:39,550 - DEBUG - Processing EpicToastTM
2026-01-17 21:42:39,552 - DEBUG - 
                Student      ID  SIS User ID SIS Login ID  \
76  Lek, Lucas Khamsing  491959      2347599        lklek   

                                         Section  Email Address  \
76  COMPSCI 141 LEC A: CONCEPT PGMG LANG (34110)  lklek@uci.edu   

   GitHub Username Submitted  Reviews Assigned  Reviews Completed  Reactions  \
76     EpicToastTM      True               2.0                2.0        0.0   

   Notes  
76        
2026-01-17 21:42:39,552 - DEBUG - Missing ['reaction'] for cs141-w26-lab2b-Alexander-Tu2
Missing ['reaction'] for cs141-w26-lab2b-echennau
2026-01-17 21:42:39,552 - DEBUG - Processing 6LEON8
2026-01-17 21:42:39,554 - DEBUG - 
          Student      ID  SIS User ID SIS Login ID  \
77  Leon, Brandon  345982      2053490       leonb3   

                                         Section   Email Address  \
77  COMPSCI 141 LEC A: CONCEPT PGMG LANG (34110)  leonb3@uci.edu   

   GitHub Username Submitted  Reviews Assigned  Reviews Completed  Reactions  \
77          6LEON8      True               2.0                2.0        0.0   

   Notes  
77        
2026-01-17 21:42:39,554 - DEBUG - Missing ['reaction'] for cs141-w26-lab2b-joolenn
Missing ['reaction'] for cs141-w26-lab2c-EatKFCinMc
2026-01-17 21:42:39,554 - DEBUG - Processing JustinLi212
2026-01-17 21:42:39,556 - DEBUG - 
       Student      ID  SIS User ID SIS Login ID  \
78  Li, Justin  449477      2633991        jdli3   

                                         Section  Email Address  \
78  COMPSCI 141 LEC A: CONCEPT PGMG LANG (34110)  jdli3@uci.edu   

   GitHub Username Submitted  Reviews Assigned  Reviews Completed  Reactions  \
78     JustinLi212      True               2.0                1.0        0.0   

   Notes  
78        
2026-01-17 21:42:39,556 - DEBUG - Missing ['comment', 'reply'] for cs141-w26-lab2b-bqtquach
Missing ['reaction'] for cs141-w26-lab2b-brandog2039
Missing ['reaction'] for cs141-w26-lab2b-bqtquach
2026-01-17 21:42:39,556 - DEBUG - Processing lucasli2
2026-01-17 21:42:39,558 - DEBUG - 
      Student      ID  SIS User ID SIS Login ID  \
80  Li, Lucas  446707      2606056     lucasl11   

                                         Section       Email Address  \
80  COMPSCI 141 LEC A: CONCEPT PGMG LANG (34110)  l3m3n000@gmail.com   

   GitHub Username Submitted  Reviews Assigned  Reviews Completed  Reactions  \
80        lucasli2      True               2.0                0.0        0.0   

   Notes  
80        
2026-01-17 21:42:39,558 - DEBUG - Missing ['comment', 'reply'] for cs141-w26-lab2a-noahk004
Missing ['comment', 'reply'] for cs141-w26-lab2b-bqtquach
Missing ['reaction'] for cs141-w26-lab2a-noahk004
Missing ['reaction'] for cs141-w26-lab2b-bqtquach
2026-01-17 21:42:39,558 - DEBUG - Processing MubaiLi222
2026-01-17 21:42:39,560 - DEBUG - 
      Student      ID  SIS User ID SIS Login ID  \
81  Li, Mubai  409988      2344534      mubail1   

                                         Section    Email Address  \
81  COMPSCI 141 LEC A: CONCEPT PGMG LANG (34110)  mubail1@uci.edu   

   GitHub Username Submitted  Reviews Assigned  Reviews Completed  Reactions  \
81      MubaiLi222      True               2.0                2.0        0.0   

   Notes  
81        
2026-01-17 21:42:39,560 - DEBUG - Missing ['reaction'] for cs141-w26-lab2b-noraessam
Missing ['reaction'] for cs141-w26-lab2b-daviddeng0smm
2026-01-17 21:42:39,560 - DEBUG - Processing wendiiiiii
2026-01-17 21:42:39,562 - DEBUG - 
      Student      ID  SIS User ID SIS Login ID  \
82  Li, Wendi  411845      2419165     wendil11   

                                         Section     Email Address  \
82  COMPSCI 141 LEC A: CONCEPT PGMG LANG (34110)  wendil11@uci.edu   

   GitHub Username Submitted  Reviews Assigned  Reviews Completed  Reactions  \
82      wendiiiiii      True               2.0                0.0        0.0   

   Notes  
82        
2026-01-17 21:42:39,562 - DEBUG - Missing ['comment', 'reply'] for cs141-w26-lab2a-kristerduster
Missing ['comment', 'reply'] for cs141-w26-lab2a-KunGeng
Missing ['reaction'] for cs141-w26-lab2a-kristerduster
Missing ['reaction'] for cs141-w26-lab2a-KunGeng
2026-01-17 21:42:39,562 - DEBUG - Processing emiliolim
2026-01-17 21:42:39,565 - DEBUG - 
             Student      ID  SIS User ID SIS Login ID  \
83  Lim, Emilio Aris  410540      2362628     emilial1   

                                         Section     Email Address  \
83  COMPSCI 141 LEC A: CONCEPT PGMG LANG (34110)  emilial1@uci.edu   

   GitHub Username Submitted  Reviews Assigned  Reviews Completed  Reactions  \
83       emiliolim      True               2.0                2.0        0.0   

   Notes  
83        
2026-01-17 21:42:39,566 - DEBUG - Missing ['reaction'] for cs141-w26-lab2c-Ava-Kopecky
Missing ['reaction'] for cs141-w26-lab2c-lucasli2
2026-01-17 21:42:39,566 - DEBUG - Processing liuftuci
2026-01-17 21:42:39,567 - DEBUG - 
        Student      ID  SIS User ID SIS Login ID  \
84  Liu, Franku  348859      2098158        liuft   

                                         Section  Email Address  \
84  COMPSCI 141 LEC A: CONCEPT PGMG LANG (34110)  liuft@uci.edu   

   GitHub Username Submitted  Reviews Assigned  Reviews Completed  Reactions  \
84        liuftuci      True               2.0                2.0        0.0   

   Notes  
84        
2026-01-17 21:42:39,568 - DEBUG - Missing ['reaction'] for cs141-w26-lab2c-yeqiw1
Missing ['reaction'] for cs141-w26-lab2c-wdrobish
2026-01-17 21:42:39,568 - DEBUG - Processing jy8liu
2026-01-17 21:42:39,569 - DEBUG - 
            Student     ID  SIS User ID SIS Login ID  \
85  Liu, Jason Yang  80661       142372        jyliu   

                                         Section  Email Address  \
85  IN4MATX 101 LEC A: CONCEPT PGMG LANG (36040)  jyliu@uci.edu   

   GitHub Username Submitted  Reviews Assigned  Reviews Completed  Reactions  \
85          jy8liu      True               2.0                2.0        0.0   

   Notes  
85        
2026-01-17 21:42:39,569 - DEBUG - Missing ['reaction'] for cs141-w26-lab2b-HsuAustin
Missing ['reaction'] for cs141-w26-lab2a-dpappachan
2026-01-17 21:42:39,569 - DEBUG - Processing mjliu5
2026-01-17 21:42:39,571 - DEBUG - 
                Student      ID  SIS User ID SIS Login ID  \
86  Liu, Michelle Jiayi  406933      2330225       mjliu5   

                                         Section   Email Address  \
86  COMPSCI 141 LEC A: CONCEPT PGMG LANG (34110)  mjliu5@uci.edu   

   GitHub Username Submitted  Reviews Assigned  Reviews Completed  Reactions  \
86          mjliu5      True               2.0                2.0        0.0   

   Notes  
86        
2026-01-17 21:42:39,571 - DEBUG - Missing ['reaction'] for cs141-w26-lab2b-Kraufdeen
Missing ['reaction'] for cs141-w26-lab2b-joshngn
2026-01-17 21:42:39,571 - DEBUG - Processing Tiffannyy
2026-01-17 21:42:39,573 - DEBUG - 
         Student      ID  SIS User ID SIS Login ID  \
87  Liu, Tiffany  448962      2188261     tiffanxl   

                                         Section     Email Address  \
87  COMPSCI 141 LEC A: CONCEPT PGMG LANG (34110)  tiffanxl@uci.edu   

   GitHub Username Submitted  Reviews Assigned  Reviews Completed  Reactions  \
87       Tiffannyy      True               2.0                2.0        0.0   

   Notes  
87        
2026-01-17 21:42:39,573 - DEBUG - Missing ['reaction'] for cs141-w26-lab2b-HsuAustin
Missing ['reaction'] for cs141-w26-lab2b-triminhta1207
2026-01-17 21:42:39,573 - DEBUG - Processing marcusl07
2026-01-17 21:42:39,575 - DEBUG - 
       Student      ID  SIS User ID SIS Login ID  \
88  Lo, Marcus  416151      2348127     marcusl5   

                                         Section     Email Address  \
88  IN4MATX 101 LEC A: CONCEPT PGMG LANG (36040)  marcusl5@uci.edu   

   GitHub Username Submitted  Reviews Assigned  Reviews Completed  Reactions  \
88       marcusl07      True               2.0                2.0        0.0   

   Notes  
88        
2026-01-17 21:42:39,575 - DEBUG - Missing ['reaction'] for cs141-w26-lab2b-nyelgireddy
Missing ['reaction'] for cs141-w26-lab2a-smuretta16
2026-01-17 21:42:39,575 - DEBUG - Processing hivgundamss
2026-01-17 21:42:39,577 - DEBUG - 
           Student      ID  SIS User ID SIS Login ID  \
89  Luguan, Arthur  419320      2465729      jluguan   

                                         Section          Email Address  \
89  COMPSCI 141 LEC A: CONCEPT PGMG LANG (34110)  hivgundamss@gmail.com   

   GitHub Username Submitted  Reviews Assigned  Reviews Completed  Reactions  \
89     hivgundamss      True               2.0                0.0        0.0   

   Notes  
89        
2026-01-17 21:42:39,577 - DEBUG - Missing ['comment', 'reply'] for cs141-w26-lab2b-joshngn
Missing ['comment', 'reply'] for cs141-w26-lab2b-achakka24
Missing ['reaction'] for cs141-w26-lab2b-joshngn
Missing ['reaction'] for cs141-w26-lab2b-achakka24
2026-01-17 21:42:39,577 - DEBUG - Processing Benny237
2026-01-17 21:42:39,579 - DEBUG - 
       Student      ID  SIS User ID SIS Login ID  \
90  Luo, Benny  410301      2348137        bluo7   

                                         Section  Email Address  \
90  COMPSCI 141 LEC A: CONCEPT PGMG LANG (34110)  bluo7@uci.edu   

   GitHub Username Submitted  Reviews Assigned  Reviews Completed  Reactions  \
90        Benny237      True               2.0                2.0        0.0   

   Notes  
90        
2026-01-17 21:42:39,579 - DEBUG - Missing ['reaction'] for cs141-w26-lab2b-zhcaury2
Missing ['reaction'] for cs141-w26-lab2a-nxphan-uci
2026-01-17 21:42:39,579 - DEBUG - Processing Epic-Mushroom
2026-01-17 21:42:39,581 - DEBUG - 
         Student      ID  SIS User ID SIS Login ID  \
91  Mal, Roopaum  455685      2533311         rmal   

                                         Section Email Address  \
91  COMPSCI 141 LEC A: CONCEPT PGMG LANG (34110)  rmal@uci.edu   

   GitHub Username Submitted  Reviews Assigned  Reviews Completed  Reactions  \
91   Epic-Mushroom      True               2.0                2.0        0.0   

   Notes  
91        
2026-01-17 21:42:39,581 - DEBUG - Missing ['reaction'] for cs141-w26-lab2c-CHAdinna
Missing ['reaction'] for cs141-w26-lab2c-DylanVuong3
2026-01-17 21:42:39,581 - DEBUG - Processing agamvirmandair
2026-01-17 21:42:39,583 - DEBUG - 
                   Student      ID  SIS User ID SIS Login ID  \
92  Mandair, Agamvir Singh  410068      2340019     mandaira   

                                         Section     Email Address  \
92  COMPSCI 141 LEC A: CONCEPT PGMG LANG (34110)  mandaira@uci.edu   

   GitHub Username Submitted  Reviews Assigned  Reviews Completed  Reactions  \
92  agamvirmandair      True               2.0                1.0        0.0   

   Notes  
92        
2026-01-17 21:42:39,583 - DEBUG - Missing ['comment', 'reply'] for cs141-w26-lab2b-alvarov17
Missing ['reaction'] for cs141-w26-lab2a-laurajacint0
Missing ['reaction'] for cs141-w26-lab2b-alvarov17
2026-01-17 21:42:39,583 - DEBUG - Processing AnviM1
2026-01-17 21:42:39,585 - DEBUG - 
         Student      ID  SIS User ID SIS Login ID  \
93  Mantri, Anvi  411618      2420352     amantri1   

                                         Section     Email Address  \
93  COMPSCI 141 LEC A: CONCEPT PGMG LANG (34110)  amantri1@uci.edu   

   GitHub Username Submitted  Reviews Assigned  Reviews Completed  Reactions  \
93          AnviM1      True               2.0                0.0        0.0   

   Notes  
93        
2026-01-17 21:42:39,585 - DEBUG - Missing ['comment', 'reply'] for cs141-w26-lab2b-AlvinAKTran
Missing ['comment', 'reply'] for cs141-w26-lab2c-QNDang
Missing ['reaction'] for cs141-w26-lab2b-AlvinAKTran
Missing ['reaction'] for cs141-w26-lab2c-QNDang
2026-01-17 21:42:39,585 - DEBUG - Processing jasonbm2
2026-01-17 21:42:39,587 - DEBUG - 
                Student      ID  SIS User ID SIS Login ID  \
94  Martin, Jason Brady  415993      2462121     jasonbm2   

                                         Section     Email Address  \
94  COMPSCI 141 LEC A: CONCEPT PGMG LANG (34110)  jasonbm2@uci.edu   

   GitHub Username Submitted  Reviews Assigned  Reviews Completed  Reactions  \
94        jasonbm2      True               2.0                0.0        0.0   

   Notes  
94        
2026-01-17 21:42:39,587 - DEBUG - Missing ['comment', 'reply'] for cs141-w26-lab2a-charcod-jpg
Missing ['comment', 'reply'] for cs141-w26-lab2c-vmrenter-code
Missing ['reaction'] for cs141-w26-lab2a-charcod-jpg
Missing ['reaction'] for cs141-w26-lab2c-vmrenter-code
2026-01-17 21:42:39,587 - DEBUG - Processing LittleLion930
2026-01-17 21:42:39,589 - DEBUG - 
         Student      ID  SIS User ID SIS Login ID  \
95  Masuda, Leon  312150      1895094      masudal   

                                         Section    Email Address  \
95  COMPSCI 141 LEC A: CONCEPT PGMG LANG (34110)  masudal@uci.edu   

   GitHub Username Submitted  Reviews Assigned  Reviews Completed  Reactions  \
95   LittleLion930      True               2.0                2.0        0.0   

   Notes  
95        
2026-01-17 21:42:39,589 - DEBUG - Missing ['reaction'] for cs141-w26-lab2b-elizabethmwatkins
Missing ['reaction'] for cs141-w26-lab2b-manihomafar
2026-01-17 21:42:39,589 - DEBUG - Processing Jinseyam
2026-01-17 21:42:39,590 - DEBUG - 
                   Student      ID  SIS User ID SIS Login ID  \
96  Maxwell, Jinseya Akira  380374      2249471     jamaxwel   

                                         Section     Email Address  \
96  COMPSCI 141 LEC A: CONCEPT PGMG LANG (34110)  jamaxwel@uci.edu   

   GitHub Username Submitted  Reviews Assigned  Reviews Completed  Reactions  \
96        Jinseyam      True               2.0                2.0        0.0   

   Notes  
96        
2026-01-17 21:42:39,591 - DEBUG - Missing ['reaction'] for cs141-w26-lab2a-Atif-Ahmad
Missing ['reaction'] for cs141-w26-lab2a-Nicol-U
2026-01-17 21:42:39,591 - DEBUG - Processing jaack4
2026-01-17 21:42:39,592 - DEBUG - 
                    Student      ID  SIS User ID SIS Login ID  \
97  Moreno, Jackson Richard  377670      2237676     jrmoren1   

                                         Section     Email Address  \
97  COMPSCI 141 LEC A: CONCEPT PGMG LANG (34110)  jrmoren1@uci.edu   

   GitHub Username Submitted  Reviews Assigned  Reviews Completed  Reactions  \
97          jaack4      True               2.0                0.0        0.0   

   Notes  
97        
2026-01-17 21:42:39,592 - DEBUG - Missing ['comment', 'reply'] for cs141-w26-lab2b-GreasySponge
Missing ['comment', 'reply'] for cs141-w26-lab2b-yuchuehw
Missing ['reaction'] for cs141-w26-lab2b-GreasySponge
Missing ['reaction'] for cs141-w26-lab2b-yuchuehw
2026-01-17 21:42:39,592 - DEBUG - Processing smuretta16
2026-01-17 21:42:39,594 - DEBUG - 
           Student      ID  SIS User ID SIS Login ID  \
98  Muretta, Sonja  379012      2246523     smuretta   

                                         Section     Email Address  \
98  IN4MATX 101 LEC A: CONCEPT PGMG LANG (36040)  smuretta@uci.edu   

   GitHub Username Submitted  Reviews Assigned  Reviews Completed  Reactions  \
98      smuretta16      True               2.0                0.0        0.0   

   Notes  
98        
2026-01-17 21:42:39,594 - DEBUG - Missing ['comment', 'reply'] for cs141-w26-lab2c-devg1ics
Missing ['comment', 'reply'] for cs141-w26-lab2c-willm326
Missing ['reaction'] for cs141-w26-lab2c-devg1ics
Missing ['reaction'] for cs141-w26-lab2c-willm326
2026-01-17 21:42:39,594 - DEBUG - Processing willm326
2026-01-17 21:42:39,596 - DEBUG - 
        Student      ID  SIS User ID SIS Login ID  \
99  Myatt, Will  446094      2573477       wmyatt   

                                         Section   Email Address  \
99  COMPSCI 141 LEC A: CONCEPT PGMG LANG (34110)  wmyatt@uci.edu   

   GitHub Username Submitted  Reviews Assigned  Reviews Completed  Reactions  \
99        willm326      True               2.0                2.0        0.0   

   Notes  
99        
2026-01-17 21:42:39,596 - DEBUG - Missing ['reaction'] for cs141-w26-lab2b-winstonjgiang
Missing ['reaction'] for cs141-w26-lab2a-lukashauge
2026-01-17 21:42:39,596 - DEBUG - Processing joolenn
2026-01-17 21:42:39,598 - DEBUG - 
                                  Student      ID  SIS User ID SIS Login ID  \
100  Nacorda, Julianna Margarita Rodrigue  409105      2407750     jmnacord   

                                          Section     Email Address  \
100  COMPSCI 141 LEC A: CONCEPT PGMG LANG (34110)  jmnacord@uci.edu   

    GitHub Username Submitted  Reviews Assigned  Reviews Completed  Reactions  \
100         joolenn      True               2.0                2.0        0.0   

    Notes  
100        
2026-01-17 21:42:39,598 - DEBUG - Missing ['reaction'] for cs141-w26-lab2c-Ewuman
Missing ['reaction'] for cs141-w26-lab2c-willm326
2026-01-17 21:42:39,598 - DEBUG - Processing ImRayyaan
2026-01-17 21:42:39,600 - DEBUG - 
             Student      ID  SIS User ID SIS Login ID  \
101  Nadeem, Rayyaan  348664      2094929      rnadeem   

                                          Section    Email Address  \
101  COMPSCI 141 LEC A: CONCEPT PGMG LANG (34110)  rnadeem@uci.edu   

    GitHub Username Submitted  Reviews Assigned  Reviews Completed  Reactions  \
101       ImRayyaan      True               2.0                2.0        1.0   

    Notes  
101        
2026-01-17 21:42:39,600 - DEBUG - Missing ['reaction'] for cs141-w26-lab2b-lukes4-uci
2026-01-17 21:42:39,600 - DEBUG - Processing ebangerz
2026-01-17 21:42:39,602 - DEBUG - 
            Student      ID  SIS User ID SIS Login ID  \
102  Ngo, Ethan Tri  409337      2414629       ngoet4   

                                          Section   Email Address  \
102  COMPSCI 141 LEC A: CONCEPT PGMG LANG (34110)  ngoet4@uci.edu   

    GitHub Username Submitted  Reviews Assigned  Reviews Completed  Reactions  \
102        ebangerz      True               2.0                1.0        0.0   

    Notes  
102        
2026-01-17 21:42:39,602 - DEBUG - Missing ['comment', 'reply'] for cs141-w26-lab2b-CyanAnteater
Missing ['reaction'] for cs141-w26-lab2b-CyanAnteater
Missing ['reaction'] for cs141-w26-lab2c-DylanVuong3
2026-01-17 21:42:39,602 - DEBUG - Processing anthon12-uci
2026-01-17 21:42:39,604 - DEBUG - 
             Student      ID  SIS User ID SIS Login ID  \
103  Nguyen, Anthony  226984      1515873     anthon12   

                                          Section     Email Address  \
103  COMPSCI 141 LEC A: CONCEPT PGMG LANG (34110)  anthon12@uci.edu   

    GitHub Username Submitted  Reviews Assigned  Reviews Completed  Reactions  \
103    anthon12-uci      True               2.0                2.0        0.0   

    Notes  
103        
2026-01-17 21:42:39,604 - DEBUG - Missing ['reaction'] for cs141-w26-lab2b-Karbite
Missing ['reaction'] for cs141-w26-lab2b-dragonkeon
2026-01-17 21:42:39,604 - DEBUG - Processing christinne-n
2026-01-17 21:42:39,606 - DEBUG - 
                        Student      ID  SIS User ID SIS Login ID  \
104  Nguyen, Christine Loan-Anh  254585      1586903     chrisln4   

                                          Section     Email Address  \
104  IN4MATX 101 LEC A: CONCEPT PGMG LANG (36040)  chrisln4@uci.edu   

    GitHub Username Submitted  Reviews Assigned  Reviews Completed  Reactions  \
104    christinne-n      True               2.0                2.0        0.0   

    Notes  
104        
2026-01-17 21:42:39,606 - DEBUG - Missing ['reaction'] for cs141-w26-lab2c-supanice-uci
Missing ['reaction'] for cs141-w26-lab2c-ganeevsinghs
2026-01-17 21:42:39,606 - DEBUG - Processing iiBooque
2026-01-17 21:42:39,607 - DEBUG - 
         Student      ID  SIS User ID SIS Login ID  \
105  Nguyen, Duy  408137      2385623       duyn16   

                                          Section   Email Address  \
105  COMPSCI 141 LEC A: CONCEPT PGMG LANG (34110)  duyn16@uci.edu   

    GitHub Username Submitted  Reviews Assigned  Reviews Completed  Reactions  \
105        iiBooque      True               2.0                2.0        0.0   

    Notes  
105        
2026-01-17 21:42:39,608 - DEBUG - Missing ['reaction'] for cs141-w26-lab2b-rykubota
Missing ['reaction'] for cs141-w26-lab2b-drewreed2005
2026-01-17 21:42:39,608 - DEBUG - Processing joshngn
2026-01-17 21:42:39,609 - DEBUG - 
                Student      ID  SIS User ID SIS Login ID  \
106  Nguyen, Josh Quang  413970      2115888       joshqn   

                                          Section   Email Address  \
106  COMPSCI 141 LEC A: CONCEPT PGMG LANG (34110)  joshqn@uci.edu   

    GitHub Username Submitted  Reviews Assigned  Reviews Completed  Reactions  \
106         joshngn      True               2.0                2.0        0.0   

    Notes  
106        
2026-01-17 21:42:39,609 - DEBUG - Missing ['reaction'] for cs141-w26-lab2c-cusianovic
Missing ['reaction'] for cs141-w26-lab2c-ZhouhengTao
2026-01-17 21:42:39,609 - DEBUG - Processing pub1icstaticvoid
2026-01-17 21:42:39,611 - DEBUG - 
                Student      ID  SIS User ID SIS Login ID  \
107  Nguyen, Kevin Minh  415009      2348823     kevinmn5   

                                          Section     Email Address  \
107  IN4MATX 101 LEC A: CONCEPT PGMG LANG (36040)  kevinmn5@uci.edu   

      GitHub Username Submitted  Reviews Assigned  Reviews Completed  \
107  pub1icstaticvoid      True               2.0                2.0   

     Reactions Notes  
107        0.0        
2026-01-17 21:42:39,611 - DEBUG - Missing ['reaction'] for cs141-w26-lab2b-yilis15
Missing ['reaction'] for cs141-w26-lab2c-ArchieSeh
2026-01-17 21:42:39,611 - DEBUG - Processing pr1vatestaticfinal
2026-01-17 21:42:39,613 - DEBUG - 
                 Student      ID  SIS User ID SIS Login ID  \
108  Nguyen, Michael Huy  484427      2348161     michhn15   

                                          Section     Email Address  \
108  IN4MATX 101 LEC A: CONCEPT PGMG LANG (36040)  michhn15@uci.edu   

        GitHub Username Submitted  Reviews Assigned  Reviews Completed  \
108  pr1vatestaticfinal      True               2.0                2.0   

     Reactions Notes  
108        0.0        
2026-01-17 21:42:39,613 - DEBUG - Missing ['reaction'] for cs141-w26-lab2c-arjunk76
Missing ['reaction'] for cs141-w26-lab2c-kevinh-a
2026-01-17 21:42:39,613 - DEBUG - Processing myn13
2026-01-17 21:42:39,615 - DEBUG - 
        Student      ID  SIS User ID SIS Login ID  \
109  Nguyen, My  450233      2641531        myn13   

                                          Section  Email Address  \
109  COMPSCI 141 LEC A: CONCEPT PGMG LANG (34110)  myn13@uci.edu   

    GitHub Username Submitted  Reviews Assigned  Reviews Completed  Reactions  \
109           myn13      True               2.0                2.0        0.0   

    Notes  
109        
2026-01-17 21:42:39,615 - DEBUG - Missing ['reaction'] for cs141-w26-lab2b-manihomafar
Missing ['reaction'] for cs141-w26-lab2b-nkimogpig
2026-01-17 21:42:39,615 - DEBUG - Processing thomasn05
2026-01-17 21:42:39,617 - DEBUG - 
                       Student      ID  SIS User ID SIS Login ID  \
110  Nguyen, Thomas Hoang-Tuan  410255      2342992     thomahn3   

                                          Section     Email Address  \
110  COMPSCI 141 LEC A: CONCEPT PGMG LANG (34110)  thomahn3@uci.edu   

    GitHub Username Submitted  Reviews Assigned  Reviews Completed  Reactions  \
110       thomasn05      True               2.0                1.0        0.0   

    Notes  
110        
2026-01-17 21:42:39,617 - DEBUG - Missing ['comment', 'reply'] for cs141-w26-lab2a-6LEON8
Missing ['reaction'] for cs141-w26-lab2a-6LEON8
Missing ['reaction'] for cs141-w26-lab2b-LentKe
2026-01-17 21:42:39,617 - DEBUG - Processing MNUQUI
2026-01-17 21:42:39,619 - DEBUG - 
                             Student      ID  SIS User ID SIS Login ID  \
111  Nuqui, Maiella Nona Laquindanum  378122      2270231       mnuqui   

                                          Section   Email Address  \
111  IN4MATX 101 LEC A: CONCEPT PGMG LANG (36040)  mnuqui@uci.edu   

    GitHub Username Submitted  Reviews Assigned  Reviews Completed  Reactions  \
111          MNUQUI      True               2.0                2.0        0.0   

    Notes  
111        
2026-01-17 21:42:39,619 - DEBUG - Missing ['reaction'] for cs141-w26-lab2b-christianacho
Missing ['reaction'] for cs141-w26-lab2b-techsgithub
2026-01-17 21:42:39,619 - DEBUG - Processing sasha-oconnor
2026-01-17 21:42:39,621 - DEBUG - 
             Student      ID  SIS User ID SIS Login ID  \
112  O'Connor, Sasha  414522      2451568     aleksano   

                                          Section     Email Address  \
112  COMPSCI 141 LEC A: CONCEPT PGMG LANG (34110)  aleksano@uci.edu   

    GitHub Username Submitted  Reviews Assigned  Reviews Completed  Reactions  \
112   sasha-oconnor      True               2.0                2.0        0.0   

    Notes  
112        
2026-01-17 21:42:39,621 - DEBUG - Missing ['reaction'] for cs141-w26-lab2a-BradyCason
Missing ['reaction'] for cs141-w26-lab2a-HarryS561
2026-01-17 21:42:39,621 - DEBUG - Processing riyapanche
2026-01-17 21:42:39,623 - DEBUG - 
          Student      ID  SIS User ID SIS Login ID  \
113  Panche, Riya  455406      2506623      rpanche   

                                          Section    Email Address  \
113  COMPSCI 141 LEC A: CONCEPT PGMG LANG (34110)  rpanche@uci.edu   

    GitHub Username Submitted  Reviews Assigned  Reviews Completed  Reactions  \
113      riyapanche      True               2.0                2.0        0.0   

    Notes  
113        
2026-01-17 21:42:39,623 - DEBUG - Missing ['reaction'] for cs141-w26-lab2a-pub1icstaticvoid
Missing ['reaction'] for cs141-w26-lab2c-PartiNoone
2026-01-17 21:42:39,623 - DEBUG - Processing dpappachan
2026-01-17 21:42:39,624 - DEBUG - 
                Student      ID  SIS User ID SIS Login ID  \
114  Pappachan, Derrick  413638      2446050     pappachd   

                                          Section     Email Address  \
114  IN4MATX 101 LEC A: CONCEPT PGMG LANG (36040)  pappachd@uci.edu   

    GitHub Username Submitted  Reviews Assigned  Reviews Completed  Reactions  \
114      dpappachan      True               2.0                1.0        0.0   

    Notes  
114        
2026-01-17 21:42:39,625 - DEBUG - Missing ['comment', 'reply'] for cs141-w26-lab2c-nctam2
Missing ['reaction'] for cs141-w26-lab2c-nctam2
Missing ['reaction'] for cs141-w26-lab2b-Dpoin23
2026-01-17 21:42:39,625 - DEBUG - Processing brandog2039
2026-01-17 21:42:39,626 - DEBUG - 
              Student      ID  SIS User ID SIS Login ID  \
115  Park, Brandon S.  378979      2247615     brandsp2   

                                          Section     Email Address  \
115  COMPSCI 141 LEC A: CONCEPT PGMG LANG (34110)  BRANDSP2@UCI.EDU   

    GitHub Username Submitted  Reviews Assigned  Reviews Completed  Reactions  \
115     brandog2039      True               2.0                2.0        0.0   

    Notes  
115        
2026-01-17 21:42:39,627 - DEBUG - Missing ['reaction'] for cs141-w26-lab2c-ZhouhengTao
Missing ['reaction'] for cs141-w26-lab2c-arjunk76
2026-01-17 21:42:39,627 - DEBUG - Processing sehop1-source
2026-01-17 21:42:39,628 - DEBUG - 
        Student      ID  SIS User ID SIS Login ID  \
116  Park, Seho  284695      1759684       sehop1   

                                          Section   Email Address  \
116  COMPSCI 141 LEC A: CONCEPT PGMG LANG (34110)  sehop1@uci.edu   

    GitHub Username Submitted  Reviews Assigned  Reviews Completed  Reactions  \
116   sehop1-source      True               2.0                2.0        0.0   

    Notes  
116        
2026-01-17 21:42:39,628 - DEBUG - Missing ['reaction'] for cs141-w26-lab2c-supanice-uci
Missing ['reaction'] for cs141-w26-lab2a-Atif-Ahmad
2026-01-17 21:42:39,628 - DEBUG - Processing MichaelP222
2026-01-17 21:42:39,630 - DEBUG - 
         Student      ID  SIS User ID SIS Login ID  \
117  Peng, Yinuo  415929      2463594      yinuop2   

                                          Section    Email Address  \
117  COMPSCI 141 LEC A: CONCEPT PGMG LANG (34110)  yinuop2@uci.edu   

    GitHub Username Submitted  Reviews Assigned  Reviews Completed  Reactions  \
117     MichaelP222      True               2.0                2.0        0.0   

    Notes  
117        
2026-01-17 21:42:39,630 - DEBUG - Missing ['reaction'] for cs141-w26-lab2b-elizabethmwatkins
Missing ['reaction'] for cs141-w26-lab2b-Alexander-Tu2
2026-01-17 21:42:39,630 - DEBUG - Processing alexpetro47
2026-01-17 21:42:39,632 - DEBUG - 
                      Student      ID  SIS User ID SIS Login ID  \
118  Petro, Alexander Maxwell  448739      2529938       petroa   

                                          Section   Email Address  \
118  COMPSCI 141 LEC A: CONCEPT PGMG LANG (34110)  petroa@uci.edu   

    GitHub Username Submitted  Reviews Assigned  Reviews Completed  Reactions  \
118     alexpetro47      True               2.0                2.0        0.0   

    Notes  
118        
2026-01-17 21:42:39,632 - DEBUG - Missing ['reaction'] for cs141-w26-lab2a-Dhivyno
Missing ['reaction'] for cs141-w26-lab2c-dsilluci
2026-01-17 21:42:39,632 - DEBUG - Processing haoqp1
2026-01-17 21:42:39,634 - DEBUG - 
            Student      ID  SIS User ID SIS Login ID  \
119  Pham, Hao Quoc  315458      1951708       haoqp1   

                                          Section   Email Address  \
119  COMPSCI 141 LEC A: CONCEPT PGMG LANG (34110)  haoqp1@uci.edu   

    GitHub Username Submitted  Reviews Assigned  Reviews Completed  Reactions  \
119          haoqp1      True               2.0                2.0        0.0   

    Notes  
119        
2026-01-17 21:42:39,634 - DEBUG - Missing ['reaction'] for cs141-w26-lab2b-sahirss
Missing ['reaction'] for cs141-w26-lab2a-ebangerz
2026-01-17 21:42:39,634 - DEBUG - Processing JordanPham2002
2026-01-17 21:42:39,636 - DEBUG - 
          Student      ID  SIS User ID SIS Login ID  \
120  Pham, Jordan  457121      2571566      jordap5   

                                          Section    Email Address  \
120  COMPSCI 141 LEC A: CONCEPT PGMG LANG (34110)  jordap5@uci.edu   

    GitHub Username Submitted  Reviews Assigned  Reviews Completed  Reactions  \
120  JordanPham2002      True               2.0                2.0        0.0   

    Notes  
120        
2026-01-17 21:42:39,636 - DEBUG - Missing ['reaction'] for cs141-w26-lab2b-nathanlcheng
Missing ['reaction'] for cs141-w26-lab2c-anthon12-uci
2026-01-17 21:42:39,636 - DEBUG - Processing nxphan-uci
2026-01-17 21:42:39,638 - DEBUG - 
             Student      ID  SIS User ID SIS Login ID  \
121  Phan, Nina Xuan  486506      2136383       nxphan   

                                          Section   Email Address  \
121  COMPSCI 141 LEC A: CONCEPT PGMG LANG (34110)  nxphan@uci.edu   

    GitHub Username Submitted  Reviews Assigned  Reviews Completed  Reactions  \
121      nxphan-uci      True               2.0                2.0        0.0   

    Notes  
121        
2026-01-17 21:42:39,638 - DEBUG - Missing ['reaction'] for cs141-w26-lab2c-eshahrestany
Missing ['reaction'] for cs141-w26-lab2c-1JunHuang
2026-01-17 21:42:39,638 - DEBUG - Processing Karbite
2026-01-17 21:42:39,640 - DEBUG - 
            Student      ID  SIS User ID SIS Login ID  \
122  Phung, Derrick  454825      2528492      derrip1   

                                          Section    Email Address  \
122  COMPSCI 141 LEC A: CONCEPT PGMG LANG (34110)  derrip1@uci.edu   

    GitHub Username Submitted  Reviews Assigned  Reviews Completed  Reactions  \
122         Karbite      True               2.0                2.0        0.0   

    Notes  
122        
2026-01-17 21:42:39,640 - DEBUG - Missing ['reaction'] for cs141-w26-lab2a-PNZ-z
Missing ['reaction'] for cs141-w26-lab2a-laggycomputer
2026-01-17 21:42:39,640 - DEBUG - Processing Dpoin23
2026-01-17 21:42:39,642 - DEBUG - 
                    Student      ID  SIS User ID SIS Login ID  \
123  Poindexter, David Carl  415090      2455670     dcpoinde   

                                          Section     Email Address  \
123  COMPSCI 141 LEC A: CONCEPT PGMG LANG (34110)  dcpoinde@uci.edu   

    GitHub Username Submitted  Reviews Assigned  Reviews Completed  Reactions  \
123         Dpoin23      True               2.0                2.0        0.0   

    Notes  
123        
2026-01-17 21:42:39,642 - DEBUG - Missing ['reaction'] for cs141-w26-lab2a-laurajacint0
Missing ['reaction'] for cs141-w26-lab2a-emiliolim
2026-01-17 21:42:39,642 - DEBUG - Processing apoolla114
2026-01-17 21:42:39,644 - DEBUG - 
               Student      ID  SIS User ID SIS Login ID  \
124  Poolla, Aishwarya  454913      2566064      apoolla   

                                          Section    Email Address  \
124  COMPSCI 141 LEC A: CONCEPT PGMG LANG (34110)  apoolla@uci.edu   

    GitHub Username Submitted  Reviews Assigned  Reviews Completed  Reactions  \
124      apoolla114      True               2.0                2.0        0.0   

    Notes  
124        
2026-01-17 21:42:39,644 - DEBUG - Missing ['reaction'] for cs141-w26-lab2a-esivorap
Missing ['reaction'] for cs141-w26-lab2a-noahk004
2026-01-17 21:42:39,644 - DEBUG - Processing aputty11
2026-01-17 21:42:39,646 - DEBUG - 
                Student      ID  SIS User ID SIS Login ID  \
126  Putty, Anay Murali  455294      2546305       aputty   

                                          Section   Email Address  \
126  COMPSCI 141 LEC A: CONCEPT PGMG LANG (34110)  aputty@uci.edu   

    GitHub Username Submitted  Reviews Assigned  Reviews Completed  Reactions  \
126        aputty11      True               2.0                2.0        0.0   

    Notes  
126        
2026-01-17 21:42:39,646 - DEBUG - Missing ['reaction'] for cs141-w26-lab2a-Jajavon
Missing ['reaction'] for cs141-w26-lab2b-timkim0106
2026-01-17 21:42:39,646 - DEBUG - Processing bqtquach
2026-01-17 21:42:39,648 - DEBUG - 
               Student      ID  SIS User ID SIS Login ID  \
127  Quach, Bryan Thai  413393      2250771      btquach   

                                          Section    Email Address  \
127  IN4MATX 101 LEC A: CONCEPT PGMG LANG (36040)  btquach@uci.edu   

    GitHub Username Submitted  Reviews Assigned  Reviews Completed  Reactions  \
127        bqtquach      True               2.0                2.0        0.0   

    Notes  
127        
2026-01-17 21:42:39,648 - DEBUG - Missing ['reaction'] for cs141-w26-lab2c-jy8liu
Missing ['reaction'] for cs141-w26-lab2a-AndrewShim0428
2026-01-17 21:42:39,648 - DEBUG - Processing sradisay
2026-01-17 21:42:39,650 - DEBUG - 
                      Student      ID  SIS User ID SIS Login ID  \
128  Radisay, Sterling Thomas  449459      2633862     sradisay   

                                          Section     Email Address  \
128  COMPSCI 141 LEC A: CONCEPT PGMG LANG (34110)  sradisay@uci.edu   

    GitHub Username Submitted  Reviews Assigned  Reviews Completed  Reactions  \
128        sradisay      True               2.0                2.0        0.0   

    Notes  
128        
2026-01-17 21:42:39,650 - DEBUG - Missing ['reaction'] for cs141-w26-lab2c-EatKFCinMc
Missing ['reaction'] for cs141-w26-lab2a-laggycomputer
2026-01-17 21:42:39,650 - DEBUG - Processing edenradulescu
2026-01-17 21:42:39,652 - DEBUG - 
                   Student      ID  SIS User ID SIS Login ID  \
129  Radulescu, Eden Sarah  381849      2189601     eradules   

                                          Section     Email Address  \
129  IN4MATX 101 LEC A: CONCEPT PGMG LANG (36040)  eradules@uci.edu   

    GitHub Username Submitted  Reviews Assigned  Reviews Completed  Reactions  \
129   edenradulescu      True               2.0                2.0        0.0   

    Notes  
129        
2026-01-17 21:42:39,652 - DEBUG - Missing ['reaction'] for cs141-w26-lab2c-duyaj
Missing ['reaction'] for cs141-w26-lab2a-pjtsearch
2026-01-17 21:42:39,652 - DEBUG - Processing Rohit-rarichan
2026-01-17 21:42:39,654 - DEBUG - 
                    Student      ID  SIS User ID SIS Login ID  \
130  Rarichan, Rohit George  409390      2415403     rraricha   

                                          Section     Email Address  \
130  COMPSCI 141 LEC A: CONCEPT PGMG LANG (34110)  rraricha@uci.edu   

    GitHub Username Submitted  Reviews Assigned  Reviews Completed  Reactions  \
130  Rohit-rarichan     False               0.0                0.0        0.0   

    Notes  
130        
2026-01-17 21:42:39,654 - DEBUG - 
2026-01-17 21:42:39,654 - DEBUG - Processing Kraufdeen
2026-01-17 21:42:39,656 - DEBUG - 
                   Student      ID  SIS User ID SIS Login ID  \
131  Raufdeen, Kaden Louis  412042      2424249     kraufdee   

                                          Section     Email Address  \
131  COMPSCI 141 LEC A: CONCEPT PGMG LANG (34110)  kraufdee@uci.edu   

    GitHub Username Submitted  Reviews Assigned  Reviews Completed  Reactions  \
131       Kraufdeen      True               2.0                2.0        0.0   

    Notes  
131        
2026-01-17 21:42:39,656 - DEBUG - Missing ['reaction'] for cs141-w26-lab2a-6LEON8
Missing ['reaction'] for cs141-w26-lab2c-JimmyZzz30
2026-01-17 21:42:39,656 - DEBUG - Processing drewreed2005
2026-01-17 21:42:39,657 - DEBUG - 
                 Student      ID  SIS User ID SIS Login ID  \
132  Reed, Andrew Steven  450139      2505593      reedas1   

                                          Section    Email Address  \
132  COMPSCI 141 LEC A: CONCEPT PGMG LANG (34110)  reedas1@uci.edu   

    GitHub Username Submitted  Reviews Assigned  Reviews Completed  Reactions  \
132    drewreed2005      True               2.0                2.0        1.0   

    Notes  
132        
2026-01-17 21:42:39,658 - DEBUG - Missing ['reaction'] for cs141-w26-lab2c-rsljhns
2026-01-17 21:42:39,658 - DEBUG - Processing vmrenter-code
2026-01-17 21:42:39,659 - DEBUG - 
                     Student      ID  SIS User ID SIS Login ID  \
133  Renteria, Victor Manuel  447408      2613711     vmrenter   

                                          Section     Email Address  \
133  IN4MATX 101 LEC A: CONCEPT PGMG LANG (36040)  vmrenter@uci.edu   

    GitHub Username Submitted  Reviews Assigned  Reviews Completed  Reactions  \
133   vmrenter-code      True               2.0                2.0        0.0   

    Notes  
133        
2026-01-17 21:42:39,660 - DEBUG - Missing ['reaction'] for cs141-w26-lab2b-lenat05
Missing ['reaction'] for cs141-w26-lab2b-Ranoldt
2026-01-17 21:42:39,660 - DEBUG - Processing firewuf
2026-01-17 21:42:39,661 - DEBUG - 
                     Student      ID  SIS User ID SIS Login ID  \
134  Robertson, Kyle Matthew  415227      2332900     kmrober2   

                                          Section     Email Address  \
134  IN4MATX 101 LEC A: CONCEPT PGMG LANG (36040)  kmrober2@uci.edu   

    GitHub Username Submitted  Reviews Assigned  Reviews Completed  Reactions  \
134         firewuf      True               2.0                2.0        0.0   

    Notes  
134        
2026-01-17 21:42:39,661 - DEBUG - Missing ['reaction'] for cs141-w26-lab2a-noahk004
Missing ['reaction'] for cs141-w26-lab2a-moonluno
2026-01-17 21:42:39,661 - DEBUG - Processing Wheeledparasite
2026-01-17 21:42:39,663 - DEBUG - 
                      Student      ID  SIS User ID SIS Login ID  \
136  Ruebsamen, Lucas William  412459      2440037     lruebsam   

                                          Section     Email Address  \
136  COMPSCI 141 LEC A: CONCEPT PGMG LANG (34110)  lruebsam@uci.edu   

     GitHub Username Submitted  Reviews Assigned  Reviews Completed  \
136  Wheeledparasite      True               2.0                0.0   

     Reactions Notes  
136        0.0        
2026-01-17 21:42:39,663 - DEBUG - Missing ['comment', 'reply'] for cs141-w26-lab2c-eshahrestany
Missing ['comment', 'reply'] for cs141-w26-lab2a-hivgundamss
Missing ['reaction'] for cs141-w26-lab2c-eshahrestany
Missing ['reaction'] for cs141-w26-lab2a-hivgundamss
2026-01-17 21:42:39,663 - DEBUG - Processing sahirss
2026-01-17 21:42:39,665 - DEBUG - 
                      Student      ID  SIS User ID SIS Login ID  \
137  Saldana, Sahir Sebastian  351098      2131250      sahirss   

                                          Section    Email Address  \
137  IN4MATX 101 LEC A: CONCEPT PGMG LANG (36040)  sahirss@uci.edu   

    GitHub Username Submitted  Reviews Assigned  Reviews Completed  Reactions  \
137         sahirss      True               2.0                0.0        0.0   

    Notes  
137        
2026-01-17 21:42:39,665 - DEBUG - Missing ['comment', 'reply'] for cs141-w26-lab2c-sahirsh
Missing ['comment', 'reply'] for cs141-w26-lab2c-Benny237
Missing ['reaction'] for cs141-w26-lab2c-sahirsh
Missing ['reaction'] for cs141-w26-lab2c-Benny237
2026-01-17 21:42:39,665 - DEBUG - Processing ermmre
2026-01-17 21:42:39,667 - DEBUG - 
                   Student      ID  SIS User ID SIS Login ID  \
138  Sanchez Verdin, Pedro  376843      2214262      pedros3   

                                          Section    Email Address  \
138  COMPSCI 141 LEC A: CONCEPT PGMG LANG (34110)  pedros3@uci.edu   

    GitHub Username Submitted  Reviews Assigned  Reviews Completed  Reactions  \
138          ermmre      True               2.0                2.0        0.0   

    Notes  
138        
2026-01-17 21:42:39,667 - DEBUG - Missing ['reaction'] for cs141-w26-lab2b-LentKe
Missing ['reaction'] for cs141-w26-lab2b-Ranoldt
2026-01-17 21:42:39,667 - DEBUG - Processing phelixxthecat
2026-01-17 21:42:39,669 - DEBUG - 
                           Student      ID  SIS User ID SIS Login ID  \
139  Sanchez, Phelixx M. Minh Khoa  412426      2442419     phelixxs   

                                          Section     Email Address  \
139  IN4MATX 101 LEC A: CONCEPT PGMG LANG (36040)  phelixxs@uci.edu   

    GitHub Username Submitted  Reviews Assigned  Reviews Completed  Reactions  \
139   phelixxthecat     False               0.0                0.0        0.0   

    Notes  
139        
2026-01-17 21:42:39,669 - DEBUG - 
2026-01-17 21:42:39,669 - DEBUG - Processing sasakip-uci-edu
2026-01-17 21:42:39,671 - DEBUG - 
                     Student      ID  SIS User ID SIS Login ID  \
140  Sasaki, Preston Takashi  409336      2413026      sasakip   

                                          Section    Email Address  \
140  COMPSCI 141 LEC A: CONCEPT PGMG LANG (34110)  sasakip@uci.edu   

     GitHub Username Submitted  Reviews Assigned  Reviews Completed  \
140  sasakip-uci-edu      True               2.0                0.0   

     Reactions Notes  
140        0.0        
2026-01-17 21:42:39,671 - DEBUG - Missing ['comment', 'reply'] for cs141-w26-lab2b-itsmandrew
Missing ['comment', 'reply'] for cs141-w26-lab2b-sasha-oconnor
Missing ['reaction'] for cs141-w26-lab2b-itsmandrew
Missing ['reaction'] for cs141-w26-lab2b-sasha-oconnor
2026-01-17 21:42:39,671 - DEBUG - Processing AdiAnteater
2026-01-17 21:42:39,673 - DEBUG - 
                       Student      ID  SIS User ID SIS Login ID  \
141  Sawant, Aditya Nandkishor  409779      2439244     sawantan   

                                          Section     Email Address  \
141  COMPSCI 141 LEC A: CONCEPT PGMG LANG (34110)  sawantan@uci.edu   

    GitHub Username Submitted  Reviews Assigned  Reviews Completed  Reactions  \
141     AdiAnteater      True               2.0                2.0        0.0   

    Notes  
141        
2026-01-17 21:42:39,673 - DEBUG - Missing ['reaction'] for cs141-w26-lab2b-ryanrT27
Missing ['reaction'] for cs141-w26-lab2b-CyanAnteater
2026-01-17 21:42:39,673 - DEBUG - Processing NotJonny1
2026-01-17 21:42:39,675 - DEBUG - 
              Student      ID  SIS User ID SIS Login ID  \
142  Segura, Jonathan  447193      2502981     seguraj3   

                                          Section     Email Address  \
142  COMPSCI 141 LEC A: CONCEPT PGMG LANG (34110)  seguraj3@uci.edu   

    GitHub Username Submitted  Reviews Assigned  Reviews Completed  Reactions  \
142       NotJonny1      True               2.0                2.0        0.0   

    Notes  
142        
2026-01-17 21:42:39,675 - DEBUG - Missing ['reaction'] for cs141-w26-lab2b-Epic-Mushroom
Missing ['reaction'] for cs141-w26-lab2b-BrittenEtchison
2026-01-17 21:42:39,675 - DEBUG - Processing ArchieSeh
2026-01-17 21:42:39,677 - DEBUG - 
             Student      ID  SIS User ID SIS Login ID  \
143  sehgall, Archie  455309      2617900     asehgall   

                                          Section            Email Address  \
143  COMPSCI 141 LEC A: CONCEPT PGMG LANG (34110)  architsehgal1@gmail.com   

    GitHub Username Submitted  Reviews Assigned  Reviews Completed  Reactions  \
143       ArchieSeh      True               2.0                2.0        0.0   

    Notes  
143        
2026-01-17 21:42:39,677 - DEBUG - Missing ['reaction'] for cs141-w26-lab2b-twleochao
Missing ['reaction'] for cs141-w26-lab2b-fruitsaladyumyum
2026-01-17 21:42:39,677 - DEBUG - Processing eshahrestany
2026-01-17 21:42:39,678 - DEBUG - 
                    Student      ID  SIS User ID SIS Login ID  \
144  Shahrestany, Evan Arya  444183      2217139     eashahre   

                                          Section     Email Address  \
144  COMPSCI 141 LEC A: CONCEPT PGMG LANG (34110)  eashahre@uci.edu   

    GitHub Username Submitted  Reviews Assigned  Reviews Completed  Reactions  \
144    eshahrestany      True               2.0                0.0        0.0   

    Notes  
144        
2026-01-17 21:42:39,679 - DEBUG - Missing ['comment', 'reply'] for cs141-w26-lab2b-christianacho
Missing ['comment', 'reply'] for cs141-w26-lab2a-pub1icstaticvoid
Missing ['reaction'] for cs141-w26-lab2b-christianacho
Missing ['reaction'] for cs141-w26-lab2a-pub1icstaticvoid
2026-01-17 21:42:39,679 - DEBUG - Processing sim-hub1
2026-01-17 21:42:39,680 - DEBUG - 
             Student      ID  SIS User ID SIS Login ID  \
145  Shahrin, Simrah  409191      2414087     sshahrin   

                                          Section     Email Address  \
145  COMPSCI 141 LEC A: CONCEPT PGMG LANG (34110)  sshahrin@uci.edu   

    GitHub Username Submitted  Reviews Assigned  Reviews Completed  Reactions  \
145        sim-hub1      True               2.0                1.0        0.0   

    Notes  
145        
2026-01-17 21:42:39,680 - DEBUG - Missing ['comment', 'reply'] for cs141-w26-lab2b-AlvinAKTran
Missing ['reaction'] for cs141-w26-lab2b-AlvinAKTran
Missing ['reaction'] for cs141-w26-lab2b-jifanf1
2026-01-17 21:42:39,680 - DEBUG - Processing yilis15
2026-01-17 21:42:39,682 - DEBUG - 
         Student      ID  SIS User ID SIS Login ID  \
146  Shen, Yilin  413612      2434445      yilis15   

                                          Section    Email Address  \
146  COMPSCI 141 LEC A: CONCEPT PGMG LANG (34110)  yilis15@uci.edu   

    GitHub Username Submitted  Reviews Assigned  Reviews Completed  Reactions  \
146         yilis15      True               2.0                1.0        0.0   

    Notes  
146        
2026-01-17 21:42:39,682 - DEBUG - Missing ['comment', 'reply'] for cs141-w26-lab2a-laurajacint0
Missing ['reaction'] for cs141-w26-lab2a-laurajacint0
Missing ['reaction'] for cs141-w26-lab2c-vmrenter-code
2026-01-17 21:42:39,682 - DEBUG - Processing lukes4-uci
2026-01-17 21:42:39,684 - DEBUG - 
         Student      ID  SIS User ID SIS Login ID  \
147  Sheng, Luke  413871      2432850       lukes4   

                                          Section   Email Address  \
147  IN4MATX 101 LEC A: CONCEPT PGMG LANG (36040)  lukes4@uci.edu   

    GitHub Username Submitted  Reviews Assigned  Reviews Completed  Reactions  \
147      lukes4-uci      True               2.0                2.0        0.0   

    Notes  
147        
2026-01-17 21:42:39,684 - DEBUG - Missing ['reaction'] for cs141-w26-lab2a-kamyyywang
Missing ['reaction'] for cs141-w26-lab2a-AndrewShim0428
2026-01-17 21:42:39,684 - DEBUG - Processing HarryS561
2026-01-17 21:42:39,686 - DEBUG - 
        Student      ID  SIS User ID SIS Login ID  \
148  Shi, Yuwen  407825      2361644      yuwens7   

                                          Section    Email Address  \
148  COMPSCI 141 LEC A: CONCEPT PGMG LANG (34110)  yuwens7@uci.edu   

    GitHub Username Submitted  Reviews Assigned  Reviews Completed  Reactions  \
148       HarryS561      True               2.0                2.0        0.0   

    Notes  
148        
2026-01-17 21:42:39,686 - DEBUG - Missing ['reaction'] for cs141-w26-lab2b-andrewwsou
Missing ['reaction'] for cs141-w26-lab2c-gymPotato-1
2026-01-17 21:42:39,686 - DEBUG - Processing AndrewShim0428
2026-01-17 21:42:39,688 - DEBUG - 
                 Student      ID  SIS User ID SIS Login ID  \
149  Shim, Kyumin Andrew  347745      2079857       shimka   

                                          Section   Email Address  \
149  COMPSCI 141 LEC A: CONCEPT PGMG LANG (34110)  shimka@uci.edu   

    GitHub Username Submitted  Reviews Assigned  Reviews Completed  Reactions  \
149  AndrewShim0428      True               2.0                2.0        0.0   

    Notes  
149        
2026-01-17 21:42:39,688 - DEBUG - Missing ['reaction'] for cs141-w26-lab2c-wendiiiiii
Missing ['reaction'] for cs141-w26-lab2c-agamvirmandair
2026-01-17 21:42:39,688 - DEBUG - Processing ganeevsinghs
2026-01-17 21:42:39,690 - DEBUG - 
                 Student      ID  SIS User ID SIS Login ID  \
150  Sidhu, Ganeev Singh  457339      2627403     ganeevss   

                                          Section     Email Address  \
150  COMPSCI 141 LEC A: CONCEPT PGMG LANG (34110)  ganeevss@uci.edu   

    GitHub Username Submitted  Reviews Assigned  Reviews Completed  Reactions  \
150    ganeevsinghs      True               2.0                2.0        0.0   

    Notes  
150        
2026-01-17 21:42:39,690 - DEBUG - Missing ['reaction'] for cs141-w26-lab2b-dragonkeon
Missing ['reaction'] for cs141-w26-lab2b-oglantz
2026-01-17 21:42:39,690 - DEBUG - Processing dsilluci
2026-01-17 21:42:39,691 - DEBUG - 
                 Student      ID  SIS User ID SIS Login ID  \
151  Sill, Dylan Matthew  412782      2332052        dsill   

                                          Section  Email Address  \
151  COMPSCI 141 LEC A: CONCEPT PGMG LANG (34110)  dsill@uci.edu   

    GitHub Username Submitted  Reviews Assigned  Reviews Completed  Reactions  \
151        dsilluci      True               2.0                0.0        0.0   

    Notes  
151        
2026-01-17 21:42:39,692 - DEBUG - Missing ['comment', 'reply'] for cs141-w26-lab2b-Kraufdeen
Missing ['comment', 'reply'] for cs141-w26-lab2b-ryanrT27
Missing ['reaction'] for cs141-w26-lab2b-Kraufdeen
Missing ['reaction'] for cs141-w26-lab2b-ryanrT27
2026-01-17 21:42:39,692 - DEBUG - Processing esivorap
2026-01-17 21:42:39,693 - DEBUG - 
                      Student      ID  SIS User ID SIS Login ID  \
152  Sivoraphonh, Edric Hwang  257622      1675602     esivorap   

                                          Section     Email Address  \
152  COMPSCI 141 LEC A: CONCEPT PGMG LANG (34110)  esivorap@uci.edu   

    GitHub Username Submitted  Reviews Assigned  Reviews Completed  Reactions  \
152        esivorap      True               2.0                2.0        0.0   

    Notes  
152        
2026-01-17 21:42:39,694 - DEBUG - Missing ['reaction'] for cs141-w26-lab2c-jy8liu
Missing ['reaction'] for cs141-w26-lab2b-zhcaury2
2026-01-17 21:42:39,694 - DEBUG - Processing GreasySponge
2026-01-17 21:42:39,695 - DEBUG - 
          Student      ID  SIS User ID SIS Login ID  \
153  Smith, Drake  448554      2625584      drakes1   

                                          Section    Email Address  \
153  IN4MATX 101 LEC A: CONCEPT PGMG LANG (36040)  drakes1@uci.edu   

    GitHub Username Submitted  Reviews Assigned  Reviews Completed  Reactions  \
153    GreasySponge      True               2.0                2.0        0.0   

    Notes  
153        
2026-01-17 21:42:39,695 - DEBUG - Missing ['reaction'] for cs141-w26-lab2a-BradyCason
Missing ['reaction'] for cs141-w26-lab2c-mjliu5
2026-01-17 21:42:39,695 - DEBUG - Processing andrewwsou
2026-01-17 21:42:39,697 - DEBUG - 
              Student      ID  SIS User ID SIS Login ID  \
154  Sou, Andrew Kong  407824      2370765        aksou   

                                          Section  Email Address  \
154  COMPSCI 141 LEC A: CONCEPT PGMG LANG (34110)  aksou@uci.edu   

    GitHub Username Submitted  Reviews Assigned  Reviews Completed  Reactions  \
154      andrewwsou      True               2.0                2.0        0.0   

    Notes  
154        
2026-01-17 21:42:39,697 - DEBUG - Missing ['reaction'] for cs141-w26-lab2c-iamshauryag
Missing ['reaction'] for cs141-w26-lab2c-ImRayyaan
2026-01-17 21:42:39,697 - DEBUG - Processing moonluno
2026-01-17 21:42:39,699 - DEBUG - 
         Student      ID  SIS User ID SIS Login ID  \
155  Stein, Luno  408848      2403111      steint1   

                                          Section    Email Address  \
155  COMPSCI 141 LEC A: CONCEPT PGMG LANG (34110)  steint1@uci.edu   

    GitHub Username Submitted  Reviews Assigned  Reviews Completed  Reactions  \
155        moonluno      True               2.0                2.0        0.0   

    Notes  
155        
2026-01-17 21:42:39,699 - DEBUG - Missing ['reaction'] for cs141-w26-lab2c-apoolla114
Missing ['reaction'] for cs141-w26-lab2b-EliranAvigani
2026-01-17 21:42:39,699 - DEBUG - Processing supanice-uci
2026-01-17 21:42:39,701 - DEBUG - 
                   Student      ID  SIS User ID SIS Login ID  \
156  Supanich, Ethan David  376085      2174560     supanice   

                                          Section     Email Address  \
156  COMPSCI 141 LEC A: CONCEPT PGMG LANG (34110)  supanice@uci.edu   

    GitHub Username Submitted  Reviews Assigned  Reviews Completed  Reactions  \
156    supanice-uci      True               2.0                2.0        0.0   

    Notes  
156        
2026-01-17 21:42:39,701 - DEBUG - Missing ['reaction'] for cs141-w26-lab2b-yuchuehw
Missing ['reaction'] for cs141-w26-lab2a-AnviM1
2026-01-17 21:42:39,701 - DEBUG - Processing triminhta1207
2026-01-17 21:42:39,703 - DEBUG - 
          Student      ID  SIS User ID SIS Login ID  \
157  Ta, Tri Minh  449037      2260046        tmta2   

                                          Section  Email Address  \
157  IN4MATX 101 LEC A: CONCEPT PGMG LANG (36040)  tmta2@uci.edu   

    GitHub Username Submitted  Reviews Assigned  Reviews Completed  Reactions  \
157   triminhta1207      True               2.0                2.0        0.0   

    Notes  
157        
2026-01-17 21:42:39,703 - DEBUG - Missing ['reaction'] for cs141-w26-lab2c-rsljhns
Missing ['reaction'] for cs141-w26-lab2a-charcod-jpg
2026-01-17 21:42:39,703 - DEBUG - Processing CyanAnteater
2026-01-17 21:42:39,705 - DEBUG - 
         Student      ID  SIS User ID SIS Login ID  \
158  Taing, Rina  448649      2500539       rinat1   

                                          Section   Email Address  \
158  COMPSCI 141 LEC A: CONCEPT PGMG LANG (34110)  rinat1@uci.edu   

    GitHub Username Submitted  Reviews Assigned  Reviews Completed  Reactions  \
158    CyanAnteater      True               2.0                2.0        0.0   

    Notes  
158        
2026-01-17 21:42:39,705 - DEBUG - Missing ['reaction'] for cs141-w26-lab2c-ArchieSeh
Missing ['reaction'] for cs141-w26-lab2a-liuftuci
2026-01-17 21:42:39,705 - DEBUG - Processing nctam2
2026-01-17 21:42:39,707 - DEBUG - 
                     Student      ID  SIS User ID SIS Login ID  \
159  Tam, Nathan Christopher  408507      2401765       nctam2   

                                          Section   Email Address  \
159  COMPSCI 141 LEC A: CONCEPT PGMG LANG (34110)  nctam2@uci.edu   

    GitHub Username Submitted  Reviews Assigned  Reviews Completed  Reactions  \
159          nctam2      True               2.0                2.0        0.0   

    Notes  
159        
2026-01-17 21:42:39,707 - DEBUG - Missing ['reaction'] for cs141-w26-lab2b-alemg2004
Missing ['reaction'] for cs141-w26-lab2b-timkim0106
2026-01-17 21:42:39,707 - DEBUG - Processing ZhouhengTao
2026-01-17 21:42:39,708 - DEBUG - 
           Student      ID  SIS User ID SIS Login ID  \
160  Tao, Zhouheng  375442      2208561     zhouhent   

                                          Section     Email Address  \
160  IN4MATX 101 LEC A: CONCEPT PGMG LANG (36040)  zhouhent@uci.edu   

    GitHub Username Submitted  Reviews Assigned  Reviews Completed  Reactions  \
160     ZhouhengTao      True               2.0                2.0        0.0   

    Notes  
160        
2026-01-17 21:42:39,709 - DEBUG - Missing ['reaction'] for cs141-w26-lab2b-winstonjgiang
Missing ['reaction'] for cs141-w26-lab2b-alexpetro47
2026-01-17 21:42:39,709 - DEBUG - Processing ryanrT27
2026-01-17 21:42:39,710 - DEBUG - 
                 Student      ID  SIS User ID SIS Login ID  \
161  Tapia, Ryan Ricardo  411740      2421783      tapiarr   

                                          Section    Email Address  \
161  IN4MATX 101 LEC A: CONCEPT PGMG LANG (36040)  tapiarr@uci.edu   

    GitHub Username Submitted  Reviews Assigned  Reviews Completed  Reactions  \
161        ryanrT27      True               2.0                2.0        0.0   

    Notes  
161        
2026-01-17 21:42:39,711 - DEBUG - Missing ['reaction'] for cs141-w26-lab2c-thomasn05
Missing ['reaction'] for cs141-w26-lab2a-Dhivyno
2026-01-17 21:42:39,711 - DEBUG - Processing Jthoeung
2026-01-17 21:42:39,712 - DEBUG - 
                          Student      ID  SIS User ID SIS Login ID  \
162  Thoeung-Ferguson, Jada Ranae  380021      2290821     jthoeung   

                                          Section     Email Address  \
162  IN4MATX 101 LEC A: CONCEPT PGMG LANG (36040)  jthoeung@uci.edu   

    GitHub Username Submitted  Reviews Assigned  Reviews Completed  Reactions  \
162        Jthoeung      True               2.0                2.0        0.0   

    Notes  
162        
2026-01-17 21:42:39,712 - DEBUG - Missing ['reaction'] for cs141-w26-lab2b-sasha-oconnor
Missing ['reaction'] for cs141-w26-lab2b-techsgithub
2026-01-17 21:42:39,713 - DEBUG - Processing 20chino05
2026-01-17 21:42:39,714 - DEBUG - 
                     Student      ID  SIS User ID SIS Login ID  \
163  Torres, Aaron Perez Jr.  491348      2672858     aptorre2   

                                          Section     Email Address  \
163  COMPSCI 141 LEC A: CONCEPT PGMG LANG (34110)  aptorre2@uci.edu   

    GitHub Username Submitted  Reviews Assigned  Reviews Completed  Reactions  \
163       20chino05      True               2.0                2.0        1.0   

    Notes  
163        
2026-01-17 21:42:39,714 - DEBUG - Missing ['reaction'] for cs141-w26-lab2b-alexpetro47
2026-01-17 21:42:39,714 - DEBUG - Processing AlvinAKTran
2026-01-17 21:42:39,716 - DEBUG - 
                 Student      ID  SIS User ID SIS Login ID  \
164  Tran, Alvin Anh Kha  414545      2448845     alvinat2   

                                          Section     Email Address  \
164  COMPSCI 141 LEC A: CONCEPT PGMG LANG (34110)  alvinat2@uci.edu   

    GitHub Username Submitted  Reviews Assigned  Reviews Completed  Reactions  \
164     AlvinAKTran      True               2.0                2.0        0.0   

    Notes  
164        
2026-01-17 21:42:39,717 - DEBUG - Missing ['reaction'] for cs141-w26-lab2c-vatsag-06
Missing ['reaction'] for cs141-w26-lab2a-liuftuci
2026-01-17 21:42:39,717 - DEBUG - Processing lenat05
2026-01-17 21:42:39,720 - DEBUG - 
        Student      ID  SIS User ID SIS Login ID  \
165  Tran, Lena  455744      2519190       lenat7   

                                          Section   Email Address  \
165  COMPSCI 141 LEC A: CONCEPT PGMG LANG (34110)  lenat7@uci.edu   

    GitHub Username Submitted  Reviews Assigned  Reviews Completed  Reactions  \
165         lenat05      True               2.0                2.0        0.0   

    Notes  
165        
2026-01-17 21:42:39,720 - DEBUG - Missing ['reaction'] for cs141-w26-lab2a-esivorap
Missing ['reaction'] for cs141-w26-lab2c-Ewuman
2026-01-17 21:42:39,720 - DEBUG - Processing Ranoldt
2026-01-17 21:42:39,722 - DEBUG - 
                   Student      ID  SIS User ID SIS Login ID  \
166  Tran, Ronald Nhan-Loc  375478      2208811     ronaldnt   

                                          Section     Email Address  \
166  COMPSCI 141 LEC A: CONCEPT PGMG LANG (34110)  ronaldnt@uci.edu   

    GitHub Username Submitted  Reviews Assigned  Reviews Completed  Reactions  \
166         Ranoldt      True               2.0                2.0        0.0   

    Notes  
166        
2026-01-17 21:42:39,722 - DEBUG - Missing ['reaction'] for cs141-w26-lab2c-kbattson
Missing ['reaction'] for cs141-w26-lab2c-Accelerator050717
2026-01-17 21:42:39,722 - DEBUG - Processing mtranfie
2026-01-17 21:42:39,724 - DEBUG - 
                       Student      ID  SIS User ID SIS Login ID  \
167  Tranfield, Michael Takumi  411555      2398896     mtranfie   

                                          Section     Email Address  \
167  COMPSCI 141 LEC A: CONCEPT PGMG LANG (34110)  mtranfie@uci.edu   

    GitHub Username Submitted  Reviews Assigned  Reviews Completed  Reactions  \
167        mtranfie      True               2.0                2.0        0.0   

    Notes  
167        
2026-01-17 21:42:39,724 - DEBUG - Missing ['reaction'] for cs141-w26-lab2b-avanaaap
Missing ['reaction'] for cs141-w26-lab2c-Lekzs
2026-01-17 21:42:39,724 - DEBUG - Processing QuocTrinh-hub
2026-01-17 21:42:39,726 - DEBUG - 
                Student      ID  SIS User ID SIS Login ID  \
168  Trinh, Wilson Quoc  449871      2536869      qltrinh   

                                          Section             Email Address  \
168  COMPSCI 141 LEC A: CONCEPT PGMG LANG (34110)  luongtrinh2003@gmail.com   

    GitHub Username Submitted  Reviews Assigned  Reviews Completed  Reactions  \
168   QuocTrinh-hub      True               2.0                2.0        0.0   

    Notes  
168        
2026-01-17 21:42:39,726 - DEBUG - Missing ['reaction'] for cs141-w26-lab2c-marcusl07
Missing ['reaction'] for cs141-w26-lab2c-MNUQUI
2026-01-17 21:42:39,727 - DEBUG - Processing KayleTruong
2026-01-17 21:42:39,728 - DEBUG - 
                     Student      ID  SIS User ID SIS Login ID  \
169  Truong, Kayle Phuong-Vy  407090      2350939       kaylet   

                                          Section   Email Address  \
169  COMPSCI 141 LEC A: CONCEPT PGMG LANG (34110)  kaylet@uci.edu   

    GitHub Username Submitted  Reviews Assigned  Reviews Completed  Reactions  \
169     KayleTruong      True               2.0                2.0        0.0   

    Notes  
169        
2026-01-17 21:42:39,728 - DEBUG - Missing ['reaction'] for cs141-w26-lab2b-nyelgireddy
Missing ['reaction'] for cs141-w26-lab2c-MichaelP222
2026-01-17 21:42:39,728 - DEBUG - Processing Alexander-Tu2
2026-01-17 21:42:39,730 - DEBUG - 
               Student      ID  SIS User ID SIS Login ID  \
170  Tu, Alexander Ngo  448781      2545934        antu2   

                                          Section  Email Address  \
170  COMPSCI 141 LEC A: CONCEPT PGMG LANG (34110)  antu2@uci.edu   

    GitHub Username Submitted  Reviews Assigned  Reviews Completed  Reactions  \
170   Alexander-Tu2      True               2.0                2.0        0.0   

    Notes  
170        
2026-01-17 21:42:39,730 - DEBUG - Missing ['reaction'] for cs141-w26-lab2a-JordanPham2002
Missing ['reaction'] for cs141-w26-lab2a-kristerduster
2026-01-17 21:42:39,730 - DEBUG - Processing pjtsearch
2026-01-17 21:42:39,733 - DEBUG - 
               Student      ID  SIS User ID SIS Login ID  \
171  Turpanjian, Peter  408438      2401571     pturpanj   

                                          Section     Email Address  \
171  COMPSCI 141 LEC A: CONCEPT PGMG LANG (34110)  pturpanj@uci.edu   

    GitHub Username Submitted  Reviews Assigned  Reviews Completed  Reactions  \
171       pjtsearch      True               2.0                2.0        0.0   

    Notes  
171        
2026-01-17 21:42:39,733 - DEBUG - Missing ['reaction'] for cs141-w26-lab2b-alvarov17
Missing ['reaction'] for cs141-w26-lab2c-sunjaelee3
2026-01-17 21:42:39,733 - DEBUG - Processing Nicol-U
2026-01-17 21:42:39,735 - DEBUG - 
                     Student      ID  SIS User ID SIS Login ID  \
172  Umanzor Campos, Nicol S  380370      2248462     umanzorn   

                                          Section     Email Address  \
172  COMPSCI 141 LEC A: CONCEPT PGMG LANG (34110)  umanzorn@uci.edu   

    GitHub Username Submitted  Reviews Assigned  Reviews Completed  Reactions  \
172         Nicol-U      True               2.0                0.0        0.0   

    Notes  
172        
2026-01-17 21:42:39,735 - DEBUG - Missing ['comment', 'reply'] for cs141-w26-lab2c-gcjong030
Missing ['comment', 'reply'] for cs141-w26-lab2c-Frank808-Git
Missing ['reaction'] for cs141-w26-lab2c-gcjong030
Missing ['reaction'] for cs141-w26-lab2c-Frank808-Git
2026-01-17 21:42:39,735 - DEBUG - Processing avanaaap
2026-01-17 21:42:39,737 - DEBUG - 
               Student      ID  SIS User ID SIS Login ID  \
173  Upadhyaya, Pavana  409710      2437418      pavanau   

                                          Section    Email Address  \
173  COMPSCI 141 LEC A: CONCEPT PGMG LANG (34110)  pavanau@uci.edu   

    GitHub Username Submitted  Reviews Assigned  Reviews Completed  Reactions  \
173        avanaaap      True               2.0                2.0        0.0   

    Notes  
173        
2026-01-17 21:42:39,737 - DEBUG - Missing ['reaction'] for cs141-w26-lab2a-KayleTruong
Missing ['reaction'] for cs141-w26-lab2c-chriscc5
2026-01-17 21:42:39,737 - DEBUG - Processing abhinavuppala
2026-01-17 21:42:39,739 - DEBUG - 
             Student      ID  SIS User ID SIS Login ID  \
174  Uppala, Abhinav  410103      2331685      auppala   

                                          Section    Email Address  \
174  COMPSCI 141 LEC A: CONCEPT PGMG LANG (34110)  auppala@uci.edu   

    GitHub Username Submitted  Reviews Assigned  Reviews Completed  Reactions  \
174   abhinavuppala      True               2.0                2.0        0.0   

    Notes  
174        
2026-01-17 21:42:39,739 - DEBUG - Missing ['reaction'] for cs141-w26-lab2c-rheajethvani
Missing ['reaction'] for cs141-w26-lab2a-jordan-m-finn
2026-01-17 21:42:39,739 - DEBUG - Processing alvarov17
2026-01-17 21:42:39,742 - DEBUG - 
                     Student      ID  SIS User ID SIS Login ID  \
175  Ventura Tafolla, Alvaro  409392      2435847     alvarov2   

                                          Section     Email Address  \
175  IN4MATX 101 LEC A: CONCEPT PGMG LANG (36040)  alvarov2@uci.edu   

    GitHub Username Submitted  Reviews Assigned  Reviews Completed  Reactions  \
175       alvarov17      True               2.0                2.0        0.0   

    Notes  
175        
2026-01-17 21:42:39,742 - DEBUG - Missing ['reaction'] for cs141-w26-lab2a-JustinLi212
Missing ['reaction'] for cs141-w26-lab2a-6LEON8
2026-01-17 21:42:39,742 - DEBUG - Processing ethnvo
2026-01-17 21:42:39,744 - DEBUG - 
           Student      ID  SIS User ID SIS Login ID  \
176  Vo, Ethan Kha  411536      2398855         ekvo   

                                          Section Email Address  \
176  COMPSCI 141 LEC A: CONCEPT PGMG LANG (34110)  ekvo@uci.edu   

    GitHub Username Submitted  Reviews Assigned  Reviews Completed  Reactions  \
176          ethnvo      True               2.0                0.0        1.0   

    Notes  
176        
2026-01-17 21:42:39,744 - DEBUG - Missing ['comment', 'reply'] for cs141-w26-lab2b-andrewwsou
Missing ['comment', 'reply'] for cs141-w26-lab2b-AllyBeary
Missing ['reaction'] for cs141-w26-lab2b-andrewwsou
2026-01-17 21:42:39,744 - DEBUG - Processing PartiNoone
2026-01-17 21:42:39,746 - DEBUG - 
                Student      ID  SIS User ID SIS Login ID  \
177  Vo, Tracy Minh Thu  415208      2379493      tracymv   

                                          Section    Email Address  \
177  COMPSCI 141 LEC A: CONCEPT PGMG LANG (34110)  tracymv@uci.edu   

    GitHub Username Submitted  Reviews Assigned  Reviews Completed  Reactions  \
177      PartiNoone      True               2.0                2.0        0.0   

    Notes  
177        
2026-01-17 21:42:39,747 - DEBUG - Missing ['reaction'] for cs141-w26-lab2b-TJHomeworkHub
Missing ['reaction'] for cs141-w26-lab2b-Karbite
2026-01-17 21:42:39,747 - DEBUG - Processing ethanvotran20
2026-01-17 21:42:39,749 - DEBUG - 
                  Student      ID  SIS User ID SIS Login ID  \
178  Votran, Ethan Leland  379939      2289775      evotran   

                                          Section    Email Address  \
178  IN4MATX 101 LEC A: CONCEPT PGMG LANG (36040)  evotran@uci.edu   

    GitHub Username Submitted  Reviews Assigned  Reviews Completed  Reactions  \
178   ethanvotran20      True               2.0                2.0        0.0   

    Notes  
178        
2026-01-17 21:42:39,749 - DEBUG - Missing ['reaction'] for cs141-w26-lab2c-sim-hub1
Missing ['reaction'] for cs141-w26-lab2c-ariyagowda
2026-01-17 21:42:39,749 - DEBUG - Processing DylanVuong3
2026-01-17 21:42:39,751 - DEBUG - 
          Student      ID  SIS User ID SIS Login ID  \
179  Vuong, Dylan  485542      2526912      dylanv3   

                                          Section    Email Address  \
179  IN4MATX 101 LEC A: CONCEPT PGMG LANG (36040)  dylanv3@uci.edu   

    GitHub Username Submitted  Reviews Assigned  Reviews Completed  Reactions  \
179     DylanVuong3      True               2.0                2.0        0.0   

    Notes  
179        
2026-01-17 21:42:39,751 - DEBUG - Missing ['reaction'] for cs141-w26-lab2b-sehop1-source
Missing ['reaction'] for cs141-w26-lab2b-nkimogpig
2026-01-17 21:42:39,751 - DEBUG - Processing w4h009
2026-01-17 21:42:39,753 - DEBUG - 
              Student      ID  SIS User ID SIS Login ID  \
180  Wang, Erik Suhan  411548      2398874       erikw1   

                                          Section   Email Address  \
180  COMPSCI 141 LEC A: CONCEPT PGMG LANG (34110)  erikw1@uci.edu   

    GitHub Username Submitted  Reviews Assigned  Reviews Completed  Reactions  \
180          w4h009      True               2.0                0.0        0.0   

    Notes  
180        
2026-01-17 21:42:39,753 - DEBUG - Missing ['comment', 'reply'] for cs141-w26-lab2b-AidenFavish
Missing ['comment', 'reply'] for cs141-w26-lab2b-GreasySponge
Missing ['reaction'] for cs141-w26-lab2b-AidenFavish
Missing ['reaction'] for cs141-w26-lab2b-GreasySponge
2026-01-17 21:42:39,753 - DEBUG - Processing kamyyywang
2026-01-17 21:42:39,755 - DEBUG - 
          Student      ID  SIS User ID SIS Login ID  \
181  Wang, Kamish  422061      2361380      ziqinw2   

                                          Section    Email Address  \
181  COMPSCI 141 LEC A: CONCEPT PGMG LANG (34110)  ziqinw2@uci.edu   

    GitHub Username Submitted  Reviews Assigned  Reviews Completed  Reactions  \
181      kamyyywang      True               2.0                1.0        1.0   

    Notes  
181        
2026-01-17 21:42:39,755 - DEBUG - Missing ['comment', 'reply'] for cs141-w26-lab2c-iiBooque
Missing ['reaction'] for cs141-w26-lab2c-iiBooque
2026-01-17 21:42:39,755 - DEBUG - Processing yuchuehw
2026-01-17 21:42:39,757 - DEBUG - 
            Student      ID  SIS User ID SIS Login ID  \
182  Wang, Yu-Chueh  375556      2210470     yuchuehw   

                                          Section     Email Address  \
182  COMPSCI 141 LEC A: CONCEPT PGMG LANG (34110)  yuchuehw@uci.edu   

    GitHub Username Submitted  Reviews Assigned  Reviews Completed  Reactions  \
182        yuchuehw      True               2.0                2.0        0.0   

    Notes  
182        
2026-01-17 21:42:39,757 - DEBUG - Missing ['reaction'] for cs141-w26-lab2c-Neilk1021
Missing ['reaction'] for cs141-w26-lab2a-dpappachan
2026-01-17 21:42:39,757 - DEBUG - Processing EatKFCinMc
2026-01-17 21:42:39,759 - DEBUG - 
         Student      ID  SIS User ID SIS Login ID  \
183  Wang, Yuhao  415864      2463321     yuhaow29   

                                          Section     Email Address  \
183  COMPSCI 141 LEC A: CONCEPT PGMG LANG (34110)  yuhaow29@uci.edu   

    GitHub Username Submitted  Reviews Assigned  Reviews Completed  Reactions  \
183      EatKFCinMc      True               2.0                2.0        0.0   

    Notes  
183        
2026-01-17 21:42:39,759 - DEBUG - Missing ['reaction'] for cs141-w26-lab2b-sradisay
Missing ['reaction'] for cs141-w26-lab2b-mvttjb
2026-01-17 21:42:39,759 - DEBUG - Processing elizabethmwatkins
2026-01-17 21:42:39,761 - DEBUG - 
                      Student      ID  SIS User ID SIS Login ID  \
184  Watkins, Elizabeth Marie  447799      2617182     emwatki1   

                                          Section     Email Address  \
184  IN4MATX 101 LEC A: CONCEPT PGMG LANG (36040)  emwatki1@uci.edu   

       GitHub Username Submitted  Reviews Assigned  Reviews Completed  \
184  elizabethmwatkins      True               2.0                0.0   

     Reactions Notes  
184        0.0        
2026-01-17 21:42:39,761 - DEBUG - Missing ['comment', 'reply'] for cs141-w26-lab2c-duyaj
Missing ['comment', 'reply'] for cs141-w26-lab2a-pjtsearch
Missing ['reaction'] for cs141-w26-lab2c-duyaj
Missing ['reaction'] for cs141-w26-lab2a-pjtsearch
2026-01-17 21:42:39,762 - DEBUG - Processing axelwennerlund
2026-01-17 21:42:39,763 - DEBUG - 
                        Student      ID  SIS User ID SIS Login ID  \
185  Wennerlund, Axel Hugo Erik  492076      2837354     awennerl   

                                          Section     Email Address  \
185  IN4MATX 101 LEC A: CONCEPT PGMG LANG (36040)  AWENNERL@UCI.EDU   

    GitHub Username Submitted  Reviews Assigned  Reviews Completed  Reactions  \
185  axelwennerlund      True               2.0                2.0        0.0   

    Notes  
185        
2026-01-17 21:42:39,763 - DEBUG - Missing ['reaction'] for cs141-w26-lab2b-christinne-n
Missing ['reaction'] for cs141-w26-lab2c-ethnvo
2026-01-17 21:42:39,763 - DEBUG - Processing Ewuman
2026-01-17 21:42:39,765 - DEBUG - 
              Student      ID  SIS User ID SIS Login ID  \
186  Wu, Ethan Haolin  381842      2205298        wueh2   

                                          Section  Email Address  \
186  COMPSCI 141 LEC A: CONCEPT PGMG LANG (34110)  wueh2@uci.edu   

    GitHub Username Submitted  Reviews Assigned  Reviews Completed  Reactions  \
186          Ewuman      True               2.0                2.0        0.0   

    Notes  
186        
2026-01-17 21:42:39,765 - DEBUG - Missing ['reaction'] for cs141-w26-lab2b-techsgithub
Missing ['reaction'] for cs141-w26-lab2a-kristerduster
2026-01-17 21:42:39,765 - DEBUG - Processing yeqiw1
2026-01-17 21:42:39,767 - DEBUG - 
      Student      ID  SIS User ID SIS Login ID  \
187  Wu, Katy  413603      2444368       yeqiw1   

                                          Section   Email Address  \
187  IN4MATX 101 LEC A: CONCEPT PGMG LANG (36040)  yeqiw1@uci.edu   

    GitHub Username Submitted  Reviews Assigned  Reviews Completed  Reactions  \
187          yeqiw1      True               2.0                2.0        0.0   

    Notes  
187        
2026-01-17 21:42:39,768 - DEBUG - Missing ['reaction'] for cs141-w26-lab2b-Wheeledparasite
Missing ['reaction'] for cs141-w26-lab2b-TonyYao8271
2026-01-17 21:42:39,768 - DEBUG - Processing gymPotato-1
2026-01-17 21:42:39,769 - DEBUG - 
         Student      ID  SIS User ID SIS Login ID  \
188  Yang, Cindy  407303      2351727      xinyy26   

                                          Section    Email Address  \
188  COMPSCI 141 LEC A: CONCEPT PGMG LANG (34110)  xinyy26@uci.edu   

    GitHub Username Submitted  Reviews Assigned  Reviews Completed  Reactions  \
188     gymPotato-1      True               2.0                2.0        0.0   

    Notes  
188        
2026-01-17 21:42:39,769 - DEBUG - Missing ['reaction'] for cs141-w26-lab2b-firewuf
Missing ['reaction'] for cs141-w26-lab2b-abhinavuppala
2026-01-17 21:42:39,769 - DEBUG - Processing nkimogpig
2026-01-17 21:42:39,771 - DEBUG - 
           Student      ID  SIS User ID SIS Login ID  \
189  Yang, Natalie  449400      2577608      nataly4   

                                          Section    Email Address  \
189  COMPSCI 141 LEC A: CONCEPT PGMG LANG (34110)  nataly4@uci.edu   

    GitHub Username Submitted  Reviews Assigned  Reviews Completed  Reactions  \
189       nkimogpig      True               2.0                2.0        0.0   

    Notes  
189        
2026-01-17 21:42:39,771 - DEBUG - Missing ['reaction'] for cs141-w26-lab2c-gymPotato-1
Missing ['reaction'] for cs141-w26-lab2c-Neilk1021
2026-01-17 21:42:39,771 - DEBUG - Processing Mr-Merp
2026-01-17 21:42:39,773 - DEBUG - 
           Student      ID  SIS User ID SIS Login ID  \
190  Yang, Owen Li  412182      2430181       olyang   

                                          Section   Email Address  \
190  COMPSCI 141 LEC A: CONCEPT PGMG LANG (34110)  olyang@uci.edu   

    GitHub Username Submitted  Reviews Assigned  Reviews Completed  Reactions  \
190         Mr-Merp      True               2.0                2.0        0.0   

    Notes  
190        
2026-01-17 21:42:39,773 - DEBUG - Missing ['reaction'] for cs141-w26-lab2b-noraessam
Missing ['reaction'] for cs141-w26-lab2b-jifanf1
2026-01-17 21:42:39,773 - DEBUG - Processing TonyYao8271
2026-01-17 21:42:39,775 - DEBUG - 
          Student      ID  SIS User ID SIS Login ID  \
191  Yao, Dasheng  313189      1886537     dashengy   

                                          Section     Email Address  \
191  COMPSCI 141 LEC A: CONCEPT PGMG LANG (34110)  dashengy@uci.edu   

    GitHub Username Submitted  Reviews Assigned  Reviews Completed  Reactions  \
191     TonyYao8271      True               2.0                2.0        0.0   

    Notes  
191        
2026-01-17 21:42:39,775 - DEBUG - Missing ['reaction'] for cs141-w26-lab2a-ermmre
Missing ['reaction'] for cs141-w26-lab2a-cessar3
2026-01-17 21:42:39,775 - DEBUG - Processing charlesyeh-1103
2026-01-17 21:42:39,777 - DEBUG - 
          Student      ID  SIS User ID SIS Login ID  \
192  Yeh, Charles  407958      2371312     charley5   

                                          Section     Email Address  \
192  COMPSCI 141 LEC A: CONCEPT PGMG LANG (34110)  charley5@uci.edu   

     GitHub Username Submitted  Reviews Assigned  Reviews Completed  \
192  charlesyeh-1103      True               2.0                2.0   

     Reactions Notes  
192        0.0        
2026-01-17 21:42:39,777 - DEBUG - Missing ['reaction'] for cs141-w26-lab2b-mvttjb
Missing ['reaction'] for cs141-w26-lab2b-Ranoldt
2026-01-17 21:42:39,777 - DEBUG - Processing Frank808-Git
2026-01-17 21:42:39,779 - DEBUG - 
        Student      ID  SIS User ID SIS Login ID  \
193  Yeh, Frank  409342      2413067        fyeh2   

                                          Section  Email Address  \
193  COMPSCI 141 LEC A: CONCEPT PGMG LANG (34110)  fyeh2@uci.edu   

    GitHub Username Submitted  Reviews Assigned  Reviews Completed  Reactions  \
193    Frank808-Git      True               2.0                2.0        0.0   

    Notes  
193        
2026-01-17 21:42:39,779 - DEBUG - Missing ['reaction'] for cs141-w26-lab2a-esivorap
Missing ['reaction'] for cs141-w26-lab2a-Jthoeung
2026-01-17 21:42:39,779 - DEBUG - Processing nyelgireddy
2026-01-17 21:42:39,781 - DEBUG - 
              Student      ID  SIS User ID SIS Login ID  \
194  Yelgireddy, Neha  450282      2223922     nyelgire   

                                          Section     Email Address  \
194  IN4MATX 101 LEC A: CONCEPT PGMG LANG (36040)  nyelgire@uci.edu   

    GitHub Username Submitted  Reviews Assigned  Reviews Completed  Reactions  \
194     nyelgireddy      True               2.0                2.0        0.0   

    Notes  
194        
2026-01-17 21:42:39,781 - DEBUG - Missing ['reaction'] for cs141-w26-lab2c-NotJonny1
Missing ['reaction'] for cs141-w26-lab2a-clairdelunesolace
2026-01-17 21:42:39,781 - DEBUG - Processing fruitsaladyumyum
2026-01-17 21:42:39,783 - DEBUG - 
                Student      ID  SIS User ID SIS Login ID  \
195  Yi, Steven Jongyun  350283      2119080        sjyi1   

                                          Section  Email Address  \
195  IN4MATX 101 LEC A: CONCEPT PGMG LANG (36040)  sjyi1@uci.edu   

      GitHub Username Submitted  Reviews Assigned  Reviews Completed  \
195  fruitsaladyumyum      True               2.0                0.0   

     Reactions Notes  
195        0.0        
2026-01-17 21:42:39,783 - DEBUG - Missing ['comment', 'reply'] for cs141-w26-lab2a-cessar3
Missing ['comment', 'reply'] for cs141-w26-lab2c-PartiNoone
Missing ['reaction'] for cs141-w26-lab2a-cessar3
Missing ['reaction'] for cs141-w26-lab2c-PartiNoone
2026-01-17 21:42:39,783 - DEBUG - Processing clairdelunesolace
2026-01-17 21:42:39,785 - DEBUG - 
        Student      ID  SIS User ID SIS Login ID  \
196  Yin, Shuai  408635      2404129       syin13   

                                          Section   Email Address  \
196  COMPSCI 141 LEC A: CONCEPT PGMG LANG (34110)  syin13@uci.edu   

       GitHub Username Submitted  Reviews Assigned  Reviews Completed  \
196  clairdelunesolace      True               2.0                2.0   

     Reactions Notes  
196        0.0        
2026-01-17 21:42:39,785 - DEBUG - Missing ['reaction'] for cs141-w26-lab2c-CHAdinna
Missing ['reaction'] for cs141-w26-lab2b-AllyBeary
2026-01-17 21:42:39,785 - DEBUG - Processing heechy33
2026-01-17 21:42:39,787 - DEBUG - 
           Student      ID  SIS User ID SIS Login ID  \
197  Yoon, Heechan  380462      2249950     heechany   

                                          Section     Email Address  \
197  IN4MATX 101 LEC A: CONCEPT PGMG LANG (36040)  heechany@uci.edu   

    GitHub Username Submitted  Reviews Assigned  Reviews Completed  Reactions  \
197        heechy33      True               2.0                2.0        0.0   

    Notes  
197        
2026-01-17 21:42:39,787 - DEBUG - Missing ['reaction'] for cs141-w26-lab2c-maburto19
Missing ['reaction'] for cs141-w26-lab2a-mtranfie
2026-01-17 21:42:39,787 - DEBUG - Processing jiyu02
2026-01-17 21:42:39,790 - DEBUG - 
         Student      ID  SIS User ID SIS Login ID  \
198  Yu, Jieyang  443808      2026889     jieyangy   

                                          Section     Email Address  \
198  COMPSCI 141 LEC A: CONCEPT PGMG LANG (34110)  jieyangy@uci.edu   

    GitHub Username Submitted  Reviews Assigned  Reviews Completed  Reactions  \
198          jiyu02      True               2.0                2.0        0.0   

    Notes  
198        
2026-01-17 21:42:39,790 - DEBUG - Missing ['reaction'] for cs141-w26-lab2a-NvyGreen
Missing ['reaction'] for cs141-w26-lab2a-ermmre
2026-01-17 21:42:39,790 - DEBUG - Processing Accelerator050717
2026-01-17 21:42:39,792 - DEBUG - 
          Student      ID  SIS User ID SIS Login ID  \
199  Yu, Mingyang  411847      2420878        myu12   

                                          Section  Email Address  \
199  COMPSCI 141 LEC A: CONCEPT PGMG LANG (34110)  myu12@uci.edu   

       GitHub Username Submitted  Reviews Assigned  Reviews Completed  \
199  Accelerator050717      True               2.0                2.0   

     Reactions Notes  
199        0.0        
2026-01-17 21:42:39,792 - DEBUG - Missing ['reaction'] for cs141-w26-lab2b-Wheeledparasite
Missing ['reaction'] for cs141-w26-lab2b-x1d1
2026-01-17 21:42:39,792 - DEBUG - Processing zhcaury2
2026-01-17 21:42:39,795 - DEBUG - 
                Student      ID  SIS User ID SIS Login ID  \
200  Zhang, Calvin Chen  446640      2629571     calvincz   

                                          Section     Email Address  \
200  COMPSCI 141 LEC A: CONCEPT PGMG LANG (34110)  calvincz@uci.edu   

    GitHub Username Submitted  Reviews Assigned  Reviews Completed  Reactions  \
200        zhcaury2      True               2.0                2.0        0.0   

    Notes  
200        
2026-01-17 21:42:39,795 - DEBUG - Missing ['reaction'] for cs141-w26-lab2c-Frank808-Git
Missing ['reaction'] for cs141-w26-lab2c-Jinseyam
2026-01-17 21:42:39,795 - DEBUG - Processing xsjsgfdysd
2026-01-17 21:42:39,798 - DEBUG - 
            Student      ID  SIS User ID SIS Login ID  \
201  Zhang, Haorong  361956      2161321     haorongz   

                                          Section     Email Address  \
201  IN4MATX 101 LEC A: CONCEPT PGMG LANG (36040)  haorongz@uci.edu   

    GitHub Username Submitted  Reviews Assigned  Reviews Completed  Reactions  \
201      xsjsgfdysd      True               2.0                2.0        0.0   

    Notes  
201        
2026-01-17 21:42:39,798 - DEBUG - Missing ['reaction'] for cs141-w26-lab2a-pr1vatestaticfinal
Missing ['reaction'] for cs141-w26-lab2b-ninal11
2026-01-17 21:42:39,798 - DEBUG - Processing PNZ-z
2026-01-17 21:42:39,800 - DEBUG - 
            Student      ID  SIS User ID SIS Login ID  \
202  Zhang, Peining  408143      2384845      peiniz1   

                                          Section    Email Address  \
202  COMPSCI 141 LEC A: CONCEPT PGMG LANG (34110)  peiniz1@uci.edu   

    GitHub Username Submitted  Reviews Assigned  Reviews Completed  Reactions  \
202           PNZ-z      True               2.0                2.0        0.0   

    Notes  
202        
2026-01-17 21:42:39,800 - DEBUG - Missing ['reaction'] for cs141-w26-lab2c-Jinseyam
Missing ['reaction'] for cs141-w26-lab2c-AntonioCuan
2026-01-17 21:42:39,801 - DEBUG - Processing JimmyZzz30
2026-01-17 21:42:39,803 - DEBUG - 
        Student      ID  SIS User ID SIS Login ID  \
203  Zhao, Yian  377071      2221582       yianz4   

                                          Section   Email Address  \
203  COMPSCI 141 LEC A: CONCEPT PGMG LANG (34110)  yianz4@uci.edu   

    GitHub Username Submitted  Reviews Assigned  Reviews Completed  Reactions  \
203      JimmyZzz30      True               2.0                0.0        0.0   

    Notes  
203        
2026-01-17 21:42:39,803 - DEBUG - Missing ['comment', 'reply'] for cs141-w26-lab2a-cessar3
Missing ['comment', 'reply'] for cs141-w26-lab2b-nkimogpig
Missing ['reaction'] for cs141-w26-lab2a-cessar3
Missing ['reaction'] for cs141-w26-lab2b-nkimogpig
